S.N.	Order Date	SOS NO.	Region	Branch	Team	Products	Customer Code	Customer	Expected Delivery Date	F.List Date	A/c Manager	Order Value
1	22/09/2026	sb-1116	SOUTH	HYDERABAD	Undefined	BOILER-SF-50-PF[1.0]	CUSC17900843957420	The Crisp Linen Co	22/09/2026	03/09/2026	Amit B	1,557,600
2	22/09/2026	stf-ibr-065	SOUTH	HYDERABAD	Undefined	BOILER-SF-200-WB-E[1.0] PRS-150-CI[1.0] SINGLE CYCLONE DUST COLLECTOR-SDC-150/200[1.0] WATER PRE HEATER -WPH-200[1.0]	CUSC17900817021580	DAYA ENGINEERING WORKS P LTD	22/09/2026	27/02/2026	Amit B	3,076,400
3	22/09/2026	SAS-507	SOUTH	HYDERABAD	Undefined	ID FAN - 10 HP[1.0] IMPELLER - ID - 10 HP[1.0] SHAFT- ID FAN - 10 HP[1.0]	CUSC17900659303860	Alkaloids PVT LTD	22/09/2026	18/09/2026	Amit B	155,760
4	15/09/2026	STF-IBR-063	SOUTH	HYDERABAD	Undefined	BOILER-SF-150-WB-E[1.0] DUCTING INTERCONNECTING- FGD-ICD-SF-200/150[1.0] LAISONING CHARGES-2 TPH - TS[1.0] MS TANK -OHT-3 KL[1.0] MULTI CYCLONE DUST COLLECTOR-MDC-150[1.0] PRS-150-CI[1.0] SB-SPL-150[1.0] SITE INSTALLATION-2 TPH[1.0] TAPPERED CHIMNEY-1.5D X 450 DIA[1.0] WATER PRE HEATER -WPH-200[1.0]	CUSC17894666250590	LNS INFRA PRIVATE LTD	15/09/2026	08/05/2026	BDM-AP-TS	5,044,500
5	07/09/2026	sb-1112	SOUTH	HYDERABAD	Undefined	BOILER-SF-60-E[1.0]	CUSC16999446406290	MSK FLAVOURS	07/09/2026	04/08/2026	Amit B	1,132,800
6	13/07/2026	sb-1108	SOUTH	HYDERABAD	TEXTILES	BOILER-SF-50-E-7B[1.0] PRS-50-E[1.0] SINGLE CYCLONE DUST COLLECTOR-SDC-50[1.0] WATER PRE-HEATER-50[1.0]	CUSC17839397278980	AUBURN DESIGN PVT LTD	13/07/2026	20/05/2026	Amit B	1,561,800
7	27/06/2026	SB-1107	SOUTH	HYDERABAD	Undefined	BOILER-SF-80-SWB-PF[1.0]	CUSC17825601466190	RAGHAV TYRES PVT LTD	27/06/2026	16/06/2026	Amit B	1,864,400
8	20/06/2026	SAS-495	SOUTH	HYDERABAD	Undefined	SUPPORT BAR-MF-600[10.0]	CUSC17819597507970	Suraj Labs	05/06/2026	16/06/2026	Sales Desk2	35,400
9	11/06/2026	sas-493	SOUTH	HYDERABAD	Undefined	Air Nozzle SS - 33D[1.0] BOILER PUMP - 3 HP[1.0]	CUSC17049548274580	Ferrox Chemicals	11/06/2026	02/06/2026	Sales Desk	52,304
10	09/06/2026	STF-IBR-0055	SOUTH	HYDERABAD	Undefined	MULTI CYCLONE DUST COLLECTOR-MDC-400[1.0]	CUSC16841437363890	M/s.Engineers & Developers	09/06/2026	15/05/2023	BDM Hyderabd	324,500
11	08/06/2026	SAS-492	SOUTH	HYDERABAD	Undefined	BASE FRAME STF-PUMPS[1.0] DIESEL ENGINE - 7.5 HP[1.0] MOTOR 2880 RPM 20 HP[1.0] PULLY-TAPERLOC-4[1.0] THERMIC PUMP-10L-65/200[1.0] TYRE COUPLING - PH-160[1.0] V BELT-B70[1.0]	CUSC17809155477940	SHARANA FOODS	08/06/2026	17/05/2026	Sales Desk2	384,609
12	05/06/2026	NIBR-328	SOUTH	HYDERABAD	Undefined	ID FAN - 10 HP[1.0]	CUSC17801426642950	UniNova Enterprises	05/06/2026	23/05/2026	BDM-AP-TS	108,560
13	30/05/2026	NIBR-326	SOUTH	HYDERABAD	Undefined	BAG FILTER PULSE JET - 48B[1.0]	CUSC17801427346770	KAMROOP TIMBER	30/05/2026	06/05/2026	Amit B	967,600
14	30/05/2026	NIBR-328	SOUTH	HYDERABAD	Undefined	BOILER-NON IBR-GF-50-IB-V[1.0] GAS TRAIN - 25 MM[1.0]	CUSC17801426642950	UniNova Enterprises	30/05/2026	26/03/2026	BDM-AP-TS	991,200
15	21/05/2026	sb-1101	SOUTH	HYDERABAD	Undefined	BOILER-SF-100-WB-E[1.0] MULTI CYCLONE DUST COLLECTOR-MDC-100[1.0]	CUSC17793557841950	Elite Infra Products	21/05/2026	06/05/2026	Amit B	1,711,000
16	21/05/2026	STF-IBR-055	SOUTH	HYDERABAD	Undefined	BOILER-SF-200-WB[1.0]	CUSC17793562143590	VB Medicare private limited	21/05/2026	19/05/2023	Sales Desk	1,800,000
17	21/05/2026	sb-1099	SOUTH	HYDERABAD	Undefined	BOILER-SF-50-E-7B[1.0] CHIMNEY STRAIGHT - 300 DIA X 6 M[1.0] DUCTING INTERCONNECTING- SB-ICD-SBH-SF-50[1.0] INSULATION SBH-SF-50[1.0] SINGLE CYCLONE DUST COLLECTOR-SDC-50[1.0]	CUSC17793560127780	HKM CHARITABLE FOUNDATION	21/05/2026	18/03/2026	Amit B	1,390,700
18	08/05/2026	STF-IBR-058	SOUTH	HYDERABAD	Undefined	AIR PRE HEATER -APH-300[1.0] BOILER-SF-300-WB-E[1.0] MULTI CYCLONE DUST COLLECTOR-MDC-300[1.0]	CUSC17782298414450	MAYA SAW MILL AND INDUSTRIES	08/05/2026	17/04/2026	Amit B	3,554,000
19	24/04/2026	LC-79	SOUTH	HYDERABAD	Undefined	VISIT CHARGES - OUT STATION[1.0]	CUSC17770272878440	Mumbai Waste Management Limited	24/04/2026	14/04/2026	Amit B	7,500
20	21/04/2026	STF-IBR-0056	SOUTH	HYDERABAD	Undefined	BOILER-SF-300-17B-E[1.0] CHIMNEY TAPPERED -1.5D-550 DIA[1.0] DUCTING INTERCONNECTING- SBH-SF-300[1.0] MULTI CYCLONE DUST COLLECTOR-MDC-300[1.0] WATER PRE HEATER -WPH-300[1.0]	CUSC17767469494650	SR INFRA MART	21/04/2026	03/02/2026	Amit B	4,704,500
21	15/04/2026	STF-IBR-0053	SOUTH	HYDERABAD	Undefined	BOILER-SF-350[1.0] SITE VISIT CHARGES - OUTSTATION SF/CF/AF/MF SERIES[1.0]	CUSC17762634932790	NORMADA SECONDARY PASTING INDUSTRY	15/04/2026	27/03/2026	Amit B	3,162,400
22	14/04/2026	sb-1095	SOUTH	HYDERABAD	Undefined	BOILER-SF-50-E-7B[1.0] CHIMNEY STRAIGHT 300 X 15M[1.0] DUCTING INTERCONNECTING- SB-ICD-SBH-SF-50[1.0] MS TANK -OHT-1 KL[1.0] PRS-50-E[1.0] SINGLE CYCLONE DUST COLLECTOR-SDC-50[1.0]	CUSC17761610201740	ISKON TIRUPATI	14/04/2026	02/04/2026	Amit B	1,701,700
23	14/04/2026	SB-1097	SOUTH	HYDERABAD	Undefined	BOILER-NON IBR-GF-60-IB-V[1.0] CHIMNEY STRAIGHT - 300 DIA X 6 M[1.0] DUCTING-FGD-250D X 3M[1.0] GAS TRAIN - 25 MM[1.0] MS TANK -OHT-2 KL[1.0] VISIT CHARGES - LOCAL[1.0]	CUSC17763432896120	STARCHIK FOOD PRIVATE LTD	16/04/2026	03/11/2025	Amit B	1,140,116
24	13/04/2026	STF-IBR-0053	SOUTH	HYDERABAD	Undefined	BOILER-SF-350[1.0] SITE VISIT CHARGES - OUTSTATION SF/CF/AF/MF SERIES[1.0]	CUSC17762634932790	NORMADA SECONDARY PASTING INDUSTRY	15/04/2026	27/03/2026	Amit B	3,162,400
25	26/03/2026	sas-480	SOUTH	HYDERABAD	Undefined	IMPELLER - ID - 10 HP[1.0]	CUSC17745334375650	KRISHNA AAC BUILDING	26/03/2026	16/03/2026	BDM-AP-TS	26,550
26	26/03/2026	STF-IBR-051	SOUTH	HYDERABAD	Undefined	3-WAY DAMPER - 400[1.0] AIR LOCK-RAV-200[1.0] BAG FILTER PULSE JET - 48B[1.0] BAG FILTER PULSE JET -BH-400-108B[1.0] BOILER-MULTI-FLAME-400-BH[1.0] BY-PASS DUCTING-BH-400[1.0] DUCTING INTERCONNECTING-SB-ICD-MF-400[1.0] LAISONING CHARGES-4 TPH-TS[1.0] MULTI CYCLONE DUST COLLECTOR-MDC-400[1.0] PRS-400-CI[1.0]	CUSC17745246208540	VIRCHOW BIOTECH P LTD	26/03/2026	14/02/2026	Srivaari	8,699,500
27	16/03/2026	NIBR-321	SOUTH	HYDERABAD	Undefined	BOILER-SCT-OF-85-MONOB[1.0]	CUSC17736579981480	CRESCENT FORMULATION	16/03/2026	05/06/2025	Amit B	1,150,500
28	03/03/2026	STF-IBR-049	SOUTH	HYDERABAD	Undefined	BOILER-SF-150-WB-E[1.0]	CUSC17725329536190	Shodana Labs	03/03/2026	12/12/2025	Amit B	1,917,500
29	20/02/2026	STF-IBR-048	SOUTH	HYDERABAD	Undefined	BOILER-SF-200-WB-E[1.0]	CUSC17715867977310	ANITA DAIRY	20/02/2026	05/11/2025	Amit B	2,301,000
30	20/02/2026	STF-IBR-0047	SOUTH	HYDERABAD	Undefined	AIR PRE HEATER -APH-200[1.0] BOILER-SF-200-WB[1.0] MULTI CYCLONE DUST COLLECTOR-MDC-200[1.0]	CUSC17715867540960	Shri Durga udhyog	20/02/2026	20/11/2025	Amit B	2,261,000
31	19/01/2026	NIBR-315	SOUTH	HYDERABAD	Undefined	CONDENSATE RECOVERY PUMP - SAVOMAX -50[1.0] PRS-200-CI[1.0]	CUSC17688074415610	COTEC PHARMA	19/02/2026	12/01/2026	Srivaari	594,720
32	19/01/2026	NIBR-315	SOUTH	HYDERABAD	Undefined	CONDENSATE RECOVERY PUMP - SAVOMAX -50[1.0] PRS-200-CI[1.0]	CUSC17688074415610	COTEC PHARMA	19/01/2026	12/01/2026	Srivaari	549,360
33	06/01/2026	SB-027	SOUTH	HYDERABAD	Undefined	BOILER-SF-300-17B[1.0]	CUSC17676698493700	Sai Venkateshwara Packaging	06/01/2026	12/12/2024	Amit B	4,956,000
34	06/01/2026	SAS-	SOUTH	HYDERABAD	Undefined	BOILER MAN HOLE BONNET- SF-300 SERIES[1.0] GRATE BARS - Triplex 530 - T2[1.0] GRATE SUPPORT BAR - 1150 - S9[1.0] GRATE SUPPORT BAR - 1280 - S6[1.0] MOBRAY CONTROLLER NON-IBR 10.54 KGS - CC 200[1.0]	CUSC17676699504590	R K SEEDS	06/01/2026	20/08/2025	Srivaari	50,816
35	24/12/2025	sb/1090	SOUTH	HYDERABAD	Undefined	BOILER-SF-200-WB[1.0]	CUSC17665392495100	Corobus Alcobevs	24/12/2025	28/08/2025	Amit B	4,543,000
36	24/12/2025	STF-30	SOUTH	HYDERABAD	Undefined	SINGLE CYCLONE DUST COLLECTOR-SDC-800[1.0]	CUSC17665381702730	Sri Rama Agri Genetics (I) Pvt Ltd	24/12/2025	17/06/2025	Amit B	501,500
37	17/12/2025	sb-1093	SOUTH	HYDERABAD	Undefined	BOILER-SF-100-DB[1.0] CHIMNEY STRAIGHT - 400 MM X 18M[1.0] PRS-100[1.0] SINGLE CYCLONE DUST COLLECTOR-SDC-100[1.0]	CUSC17659691197820	MATRI WATER PRODUCTS(P) LTD	17/12/2025	23/10/2025	Amit B	1,825,000
38	05/09/2025	SB-1087	SOUTH	HYDERABAD	Undefined	BOILER-SIB-SF-40[1.0]	CUSC17570665959240	Kanwaria Chemical	05/12/2025	20/02/2025	BDM-AP-TS	737,500
39	28/08/2025	STF-IBR-036	SOUTH	HYDERABAD	Undefined	AUTO FUEL FEEDING SYSTEM-CF-1000[1.0] BOILER-CF-1000-CC[1.0] SINGLE CYCLONE DUST COLLECTOR - SDC-1000[1.0]	CUSC17563839672120	Harita Corn Conditioning Unit	28/08/2025	03/07/2025	Amit B	8,702,500
40	28/08/2025	STF-IBR-40	SOUTH	HYDERABAD	Undefined	AUTO FUEL FEEDING SYSTEM-CF-800[1.0]	CUSC17563843049400	Laxmi Agro Tech Pvt Ltd.	28/08/2025	17/07/2025	Amit B	649,000
41	28/08/2025	SAS-437	SOUTH	HYDERABAD	Undefined	IMPELLER-ID 5 HP[1.0] SHAFT- ID FAN - 5 HP[1.0]	CUSC17563841344930	Kreative Organics Private Limited	28/08/2025	30/07/2025	Sales Desk2	40,710
42	28/08/2025	STF-IBR-038	SOUTH	HYDERABAD	Undefined	AUTO FUEL FEEDING SYSTEM-CF-1000[1.0] BOILER-CF-1000-CC[1.0] VFD-50 HP[1.0]	CUSC17563840593520	Sri Ram Seeds	28/08/2025	18/07/2025	Amit B	6,956,100
43	18/08/2025	NIBR-304	SOUTH	HYDERABAD	Undefined	AIR PRE HEATER -APH-300[1.0]	CUSC17554936050280	SESHA SAI CHEMICALS	18/08/2025	30/07/2025	Srivaari	250,000
44	14/08/2025	stf-ibr-029	SOUTH	HYDERABAD	Undefined	BOILER-CF-800-CC[1.0]	CUSC17551632583490	Invicta Agritech India Pvt Ltd	14/08/2025	17/06/2025	BDM Hyderabd	5,664,000
45	14/08/2025	nibr-301	SOUTH	HYDERABAD	Undefined	WATER PRE HEATER -WPH-200[1.0]	CUSC17551631311230	Coromandel Concrete Products Pvt Ltd	14/08/2025	17/04/2025	Srivaari	195,000
46	19/07/2025	SB-IBR-033	SOUTH	HYDERABAD	Undefined	BOILER-CF-1000-CC[1.0]	CUSC17529274930010	Sri Venkateshwara Seeds	19/07/2025	28/06/2025	Amit B	7,021,000
47	19/07/2025	STF-IBR-032	SOUTH	HYDERABAD	Undefined	BOILER-CF-1000-CC[1.0]	CUSC17529274251090	Aditya Seeds	19/07/2025	28/06/2025	Amit B	7,021,000
48	18/07/2025	STF-IBR-031	SOUTH	HYDERABAD	Undefined	AIR LOCK-RAV-200[1.0] AUTO FUEL FEEDING SYSTEM-CF-800[1.0] BOILER-CF-800[1.0] SINGLE CYCLONE DUST COLLECTOR-SDC-800[1.0]	CUSC17528206029740	Sri Yaganti Ped Ramaiah Agros	18/07/2025	12/06/2025	Amit B	5,338,700
49	01/07/2025	nibr-300	SOUTH	HYDERABAD	Undefined	BOILER-CF-60[1.0] CHIMNEY STRAIGHT- 300 DIA X 12 M[1.0] DUCTING -ICD-CF-60-75[1.0] MS TANK -OHT-1 KL[1.0] PRS-60[1.0] SINGLE CYCLONE DUST COLLECTOR SDC-60/75[1.0] STEAM PIPLINE SB-SPL-50[1.0]	CUSC17513542342040	Dwarka Sea Foods	01/07/2025	19/05/2025	Amit B	1,713,500
50	01/07/2025	SOS MADE	SOUTH	HYDERABAD	Undefined	BOILER-DF-100-2S-IB[1.0]	CUSC17097315628540	JK LIFE CARE CENTERS	01/07/2025	06/03/2024	Amit B	2,183,000
51	01/07/2025	SOS MADE	SOUTH	HYDERABAD	Undefined	BOILER ERW TUBES - 63.5 OD x 3.66 TH - 2.5 MTRS[1.0] BOILER ERW TUBES - 63.5 OD x 3.66 x 3.5 MTRS[1.0]	CUSC17325040721150	Oil Palm India Ltd	01/07/2025	25/11/2024	Amit B	1,020
52	04/06/2025	STF-IBR-025	SOUTH	HYDERABAD	Undefined	BOILER-SF-200-WB-E[1.0]	CUSC17490270950650	Pravasha Dairy	04/06/2025	09/01/2025	Amit B	3,186,000
53	30/05/2025	NIBR-299	SOUTH	HYDERABAD	Undefined	BOILER-SF-150-WB-E[1.0]	CUSC17486125458290	SRI VYSHNAVI FOODS PVT LTD	30/05/2025	21/05/2025	BDM Hyderabd	3,315,800
54	23/05/2025	STF-IBR-013	SOUTH	HYDERABAD	Undefined	BOILER-SF-250-17B[1.0] MULTI CYCLONE DUST COLLECTOR-MDC-200[1.0] WATER PRE HEATER -WPH-200[1.0]	CUSC17479960404980	RG ECO BLOCKS	23/05/2025	09/05/2025	Amit B	3,351,500
55	22/05/2025	SAS-429	SOUTH	HYDERABAD	Undefined	CHIMNEY TAPPERED -2D-750 DIA[1.0]	CUSC17479132860810	Oil Palm India Ltd	22/05/2025	18/11/2024	Amit B	1,711,000
56	20/05/2025	STF-IBR-022	SOUTH	HYDERABAD	Undefined	BOILER-MULTI-FLAME-400-17B[1.0] CHIMNEY TAPPERED -1.5D-550 DIA[1.0] CONDENSAT RECOVERY PUMP - 50 NB[1.0] DUCTING INTERCONNECTING- SBH-SF-300[1.0] PRS-300-15/17B[1.0] TWIN CYCLONE DUST COLLECTOR-TCDC-300[1.0]	CUSC17477225442070	BLYPIN ENTERPRISES PRIVATELIMITED	20/05/2025	17/03/2025	Amit B	6,694,900
57	21/04/2025	SAS-423	SOUTH	HYDERABAD	Undefined	FUSIBLE PLUG BRONZE S/P IBR - 25 MM [1.0]	CUSC17452250869030	SHOBHA LIFE SCIENCES PVT LTD	21/04/2025	14/04/2025	BDM Hyderabd	1,400
58	12/04/2025	SB-1083	SOUTH	HYDERABAD	Undefined	BOILER-NON IBR-OF-20-MINI[1.0] CHIMNEY STRAIGHT-200 MM DIA X 3M[1.0]	CUSC17444606839080	VEENA RUBBER INDUSTRIES	12/04/2025	12/02/2025	Amit B	560,500
59	29/03/2025	STF-IBR-017	SOUTH	HYDERABAD	Undefined	BOILER-SF-200-WB-E[1.0] SINGLE CYCLONE DUST COLLECTOR-SDC-150/200[1.0]	CUSC17379630954600	SRI VEEREENDAR FRUIT BARS	29/03/2025	27/01/2025	Srivaari	2,362,500
60	23/03/2025	SB-1083	SOUTH	HYDERABAD	Undefined	BOILER-SF-100-WB[1.0] CHIMNEY TAPPERED -1.5D X 400 DIA[1.0] DUCTING INTERCONNECTING- SBH-SF-100[1.0] PRS-100[1.0] SINGLE CYCLONE DUST COLLECTOR-SDC-100[1.0]	CUSC17213546488360	VV Foods	13/03/2025	19/07/2024	Amit B	2,148,780
61	15/03/2025	NIBR-292	SOUTH	HYDERABAD	Undefined	CHIMNEY TAPPERED -2D-750 DIA[1.0]	CUSC17479132860810	Oil Palm India Ltd	15/03/2025	18/11/2024	Amit B	1,711,000
62	13/03/2025	SAS-410	SOUTH	HYDERABAD	Undefined	GRATE BARS SIMPLEX - 630 G-12[3.0] GRATE BARS - Simplex x 530[33.0] GRATE BARS - Triplex 530 - T2[11.0] GRATE BARS - Triplex 630 - T3[1.0] GRATE SUPPORT BAR - 1280 - S6[6.0]		GM Agro & Beverages (I) Pvt Ltd	13/03/2025	07/03/2025	Sales Desk	124,608
63	27/02/2025	sas-408	SOUTH	HYDERABAD	Undefined	IMPELLER - ID - 10 HP[1.0]		LIFE LINE SPRINGS	27/02/2025	24/02/2025	Amit B	26,550
64	23/02/2025	STF-IBR-015	SOUTH	HYDERABAD	Undefined	BOILER-SF-400-17B-SF[1.0]		Pax Packaging Ltd	21/04/2025	14/11/2024	Amit B	4,500,000
65	23/02/2025	SB/1056/24-25	SOUTH	HYDERABAD	Undefined	o[1.0]		Samasti Foods	23/02/2025	06/06/2024	Amit B	2,034,320
66	23/02/2025	STF-IBR-008	SOUTH	HYDERABAD	Undefined	BOILER-SF-200-WB-E[1.0]		Shriram Frozen Foods	23/02/2025	05/09/2024	Amit B	3,953,000
67	23/02/2025	SB-1075	SOUTH	HYDERABAD	Undefined	BOILER-SF-120-WB-E[1.0]		COSMIC FOOD PRODUCTS	23/02/2025	10/08/2024	Amit B	1,180,000
68	23/02/2025	STF-IBR-014	SOUTH	HYDERABAD	Undefined	BOILER-SF-300-WB-E[1.0]		JLS LABORATORIES P LTD	23/02/2025	05/11/2024	Amit B	5,811,500
69	19/02/2025	STF-IBR-018	SOUTH	HYDERABAD	Undefined	DUCTING INTERCONNECTING - SB-ICD-CF-350[1.0] MULTI CYCLONE DUST COLLECTOR-MDC-300[1.0]		Kammac Projects	19/02/2025	24/02/2024	Amit B	595,900
70	14/02/2025	SB-1079	SOUTH	HYDERABAD	Undefined	BOILER-SF-60-E[1.0]		Sri Vinayaka Agro Food	14/02/2025	29/01/2025	Amit B	767,000
71	10/02/2025	SB-1079	SOUTH	HYDERABAD	Manufacturing	BOILER-SIB-SF-30[1.0] BOILER-SIB-SF-40[1.0]		UBL AGRO PRODUCTS	04/04/2025	09/01/2025	Amit B	1,386,500
72	17/01/2025	SB-1077	SOUTH	HYDERABAD	Undefined	BOILER-SF-60-E[1.0] CHIMNEY STRAIGHT - 350 MM X 18M[1.0] LAISONING CHARGES - 0.5-0.6 TPH - TS[1.0] PRS-60[1.0] SINGLE CYCLONE DUST COLLECTOR SDC-60/75[1.0]		KOMALA TRADERS	17/01/2025	24/12/2024	Amit B	1,776,400
73	23/12/2024	SAS-293	SOUTH	HYDERABAD	Undefined	ID FAN - 3 HP[1.0]		Aditya Medi	23/12/2024	11/10/2024	Amit B	66,080
74	06/12/2024	STF-IBR-10	SOUTH	HYDERABAD	Undefined	BOILER-SF-150-WB-E[1.0] DUCTING INTERCONNECTING- FGD-ICD-SF-200/150[1.0] PRS-150-CI[1.0] SINGLE CYCLONE DUST COLLECTOR-SDC-150/200[1.0] TAPPERED CHIMNEY-1.5D X 450 DIA[1.0] WATER PRE HEATER -WPH-200[1.0]		Shri Girja Concrete Works	06/01/2025	14/10/2024	Amit B	3,080,980
75	02/12/2024	SB-1070	SOUTH	HYDERABAD	Undefined	BOILER-SF-60-E[1.0] SINGLE CYCLONE DUST COLLECTOR-SDC-50[1.0]		VASPET RECYCLING PVT. LTD	02/12/2024	25/10/2024	Amit B	1,035,096
76	14/11/2024	SAS-1	SOUTH	HYDERABAD	Undefined	ROTORY DRUM FEEDER X 600[1.0]		Progressive Agro Products	05/12/2024	31/10/2024	Amit B	238,950
77	11/09/2024	STF/IBR/005	SOUTH	HYDERABAD	Undefined	AIR PRE HEATER -APH-200[1.0] BOILER-SF-200-CONFUR[1.0] CHIMNEY STRAIGHT - 450 DIA x 18M[1.0] CONDENSAT RECOVERY PUMP - 40 NB[1.0] DUCTING INTERCONNECTING- SB-CF-150/200[1.0] INSULATION-SBH-SF-100[1.0] MS TANK -OHT-4 KL[1.0] PRS-150-CI[1.0] SB-SPL-200-STANDARD[1.0] SINGLE CYCLONE DUST COLLECTOR-SDC-150/200[1.0]		Maha Fresh Fruits Products	11/09/2024	17/06/2024	Amit B	2,950,000
78	01/08/2024	STF IBR-004	SOUTH	HYDERABAD	Undefined	BOILER-SF-200-WB-E[1.0]		Green Dhobi	01/08/2024	13/07/2024	Amit B	4,511,282
79	20/07/2024	SAS-381	SOUTH	HYDERABAD	Undefined	OTHERS[1.0]		Vijay Durga Rice Mill	20/07/2024	17/07/2024	Sales Desk	79,000
80	17/07/2024	SAS-380	SOUTH	HYDERABAD	Undefined	Air Nozzle SS - 33D[70.0]		Creamline Dairy Products Ltd	17/07/2024	02/07/2024	Amit B	20,443
81	17/07/2024	sb-1045	SOUTH	HYDERABAD	Undefined	BOILER-SF-500-17B-TF[1.0]		Pavan Laminates Pvt Ltd	17/07/2024	10/03/2024	Amit B	413,000
82	15/07/2024	SAS-374	SOUTH	HYDERABAD	Undefined	ID FAN - 15 HP[1.0]		Sunrise Agro	15/07/2024	13/07/2024	Srivaari	159,300
83	15/07/2024	STF-001	SOUTH	HYDERABAD	Undefined	BAG FILTER PULSE JET - 72B-ECO[1.0]		VANNSH LIFE SCIENCES Pvt. Ltd.	15/07/2024	12/06/2024	Amit B	2,301,000
84	15/07/2024	SAS-373	SOUTH	HYDERABAD	Undefined	BOILER TUBES SF-200-WB-2NDPASS[1.0]		Chariot Cement	15/07/2024	22/06/2024	Amit B	66,670
85	29/06/2024	SB-1052	SOUTH	HYDERABAD	Manufacturing	BOILER-SF-300-17B[1.0] TWIN CYCLONE DUST COLLECTOR-TCDC-300[1.0] WATER PRE HEATER -WPH-300[1.0]		Anay Industries	29/06/2024	22/05/2024	Amit B	2,873,000
86	29/06/2024	SB-1053	SOUTH	HYDERABAD	Undefined	BOILER-SF-50-2P[1.0]		Akshay Cashew	29/06/2024	17/05/2024	Amit B	720,980
87	21/06/2024	SB-1049	SOUTH	HYDERABAD	Undefined	BOILER-SF-150-WB-E[1.0]		Royal Cosmatics ( U ) Ltd	21/06/2024	24/02/2024	Amit B	2,461,117
88	21/06/2024	SB-1050	SOUTH	HYDERABAD	Undefined	BOILER-AF-250[1.0]		KSR Modern Rice Mill	21/06/2024	18/05/2024	Amit B	2,025,000
89	08/06/2024	SB/1047	SOUTH	HYDERABAD	Undefined	BOILER-SF-80-E[1.0]		Vijay Foundation	15/06/2024	30/03/2024	Amit B	1,180,000
90	04/03/2024	sas-339	SOUTH	HYDERABAD	Undefined	SAFETY VALVES CS F/E IBR - 25 NB X 50 NB - T/H- 10.54 KGS[1.0]		Icon Sleeper Track Pvt. Ltd	04/03/2024	22/02/2024	Sales Desk	21,240
91	28/02/2024	SB-1037	SOUTH	HYDERABAD	Undefined	BOILER-SF-300-17B-E[1.0]		Nirman Enterprises	28/02/2024	22/07/2023	Amit B	3,894,000
92	28/02/2024	SAS-333	SOUTH	HYDERABAD	Undefined	Air Nozzle SS - 33D[170.0]	CUSC17049548274580	Ferrox Chemicals	28/02/2024	11/01/2024	Sales Desk	55,165
93	28/02/2024	SB-1019	SOUTH	HYDERABAD	CHEMICAL & PHARMACEUTICALS	BOILER-SF-200-WB-E[1.0]		liha life Science pvt ltd	28/02/2024	31/01/2023	BDM Hyderabd	35,400,000
94	28/02/2024	SB-1029	SOUTH	HYDERABAD	Undefined	BOILER-SF-300-17B-E[1.0]		DHANSHREE PACKAING	28/02/2024	22/08/2023	Amit B	3,598,882
95	28/02/2024	SB-1035	SOUTH	HYDERABAD	Undefined	PRS-100[1.0]		ALMAS LIFE SCIENCES	28/02/2024	25/01/2024	Sales Desk	208,000
96	28/02/2024	SB-1039	SOUTH	HYDERABAD	Undefined	BOILER-SF-300-WB-E[1.0]		BEST ENGINEERING TECHNOLOGIES	28/02/2024	01/06/2023	Amit B	3,540,000
97	27/02/2024	sb-1026	SOUTH	HYDERABAD	Undefined	BOILER-MULTI-FLAME-600-17B[1.0]		Usha International	27/02/2024	06/06/2023	Amit B	3,800,000
98	19/02/2024	SB-1040	SOUTH	HYDERABAD	Undefined	CHIMNEY STRAIGHT- 300 DIA X 12 M[1.0] DUCTING-FGD-300D x 6M[1.0] MS TANK -OHT-0.5 KL[1.0] MS TANK -OHT-2 KL[1.0] PRS-100[1.0] SBH-OF-100-2S[1.0]		Spectraa Technology Solutions	19/02/2024	25/01/2024	Amit B	1,818,380
99	13/02/2024	SB-1038	SOUTH	HYDERABAD	Undefined	BOILER-SF-50[1.0]		Madhav Agro Chem Pvt Ltd	13/02/2024	03/02/2024	Amit B	755,200
100	29/01/2024	0000	SOUTH	HYDERABAD	Undefined	OTHERS[3.0]		Global Impex	29/01/2024	29/01/2024	Sales Desk	4,312
101	29/01/2024	SAS-309	SOUTH	HYDERABAD	Undefined	OTHERS[1.0]		M/s.Nosch Labs Private Limited (100% EOU)	29/01/2024	29/01/2024	Sales Desk	160,800
102	29/01/2024	SAS-314	SOUTH	HYDERABAD	Undefined	OTHERS[1.0]		Artho Biotech Pvt. Ltd	29/01/2024	29/01/2024	Sales Desk	26,592
103	29/01/2024	sas-315	SOUTH	HYDERABAD	Undefined	OTHERS[1.0]		Shilpa Pharma Lifescience Ltd.	29/01/2024	29/01/2024	Sales Desk	9,370
104	29/01/2024	SAS-319	SOUTH	HYDERABAD	Undefined	OTHERS[1.0]		Kamroop Timber	29/01/2024	29/01/2024	Sales Desk	24,780
105	29/01/2024	SAS-321	SOUTH	HYDERABAD	TEXTILES	OTHERS[1.0]	CUSC17839397278980	Auburn Design Private Limited	29/01/2024	29/01/2024	Sales Desk	8,700
106	29/01/2024	SB-1028	SOUTH	HYDERABAD	Undefined	BOILER-SF-400-SINGLE FURNACE[1.0] CHIMNEY TAPPERED -1.5D- 650 DIA[1.0] TWIN CYCLONE DUST COLLECTOR-TCDC-400[1.0]		BANA ECO WORKS LLP	29/01/2024	07/10/2023	Sales Desk	4,445,000
107	29/01/2024	SB-1025	SOUTH	HYDERABAD	Undefined	BOILER-SF-200-WB[1.0]		N.A.AGRO RICE INDUSTRIES	29/01/2024	14/12/2023	Sales Desk	1,565,000
108	29/01/2024	lc-55	SOUTH	HYDERABAD	Undefined	VISIT CHARGES - OUT STATION[1.0]		Sree fruit beverages	29/01/2024	23/12/2023	Sales Desk	7,500
109	29/01/2024	SAS-323	SOUTH	HYDERABAD	Undefined	FD FAN - 1.5 HP[1.0]		Mounika Seeds	29/01/2024	25/01/2024	Sales Desk	192,104
110	29/01/2024	SAS-313	SOUTH	HYDERABAD	Undefined	IMPELLER-ID 7.5[1.0]		Apple Polymers	29/01/2024	12/12/2023	Sales Desk	14,160
111	25/01/2024	sas- 306	SOUTH	HYDERABAD	Undefined	ID FAN - 20 HP[1.0]		RANSH PHARMA PRIVATE LIMITED	25/01/2024	15/05/2023	Sales Desk	165,200
112	25/01/2024	sas-315	SOUTH	HYDERABAD	Undefined	FD FAN - 3 HP[1.0] MOTOR 2880 RPM 3HP[1.0]		Sri Mallikarjuna Chemicals Pvt. Ltd	25/01/2024	13/11/2023	Sales Desk	36,460
113	22/01/2024	SB-1034	SOUTH	HYDERABAD	Undefined	BOILER-SF-200-WB-E[1.0]		K.B.R INDUSTRIES	22/01/2024	10/01/2024	Sales Desk	2,301,000
114	17/01/2024	SB-1030	SOUTH	HYDERABAD	Undefined	BOILER-MULTI-FLAME-500-BH[1.0]		DERIVATE LABS PVT LTD	17/01/2024	22/09/2023	Amit B	4,680,322
115	19/12/2023	SAS-311	SOUTH	HYDERABAD	Undefined	FUSIBLE PLUG BRONZE S/P IBR - 25 MM [1.0]		Hoster Labs Pvt. Ltd.	19/12/2023	13/12/2023	Sales Desk	1,400
116	18/12/2023	SAS-311	SOUTH	HYDERABAD	Undefined	SAFETY VALVES BROZE S/E IBR - 25 NB[1.0]		T.M.CASHEW	18/12/2023	14/12/2023	Sales Desk	4,400
117	18/12/2023	1002	SOUTH	HYDERABAD	Undefined	BOILER-SF-100-WB-E[1.0]		Sri Maruthi Builders	18/12/2023	24/07/2023	Sales Desk	2,339,940
118	15/12/2023	SB-1022	SOUTH	HYDERABAD	Undefined	BOILER-SF-100-WB-E[1.0]		PARASHAKTHI POLES INDUSTRY	15/12/2023	19/10/2023	BDM Hyderabd	1,888,000
119	16/11/2023	SAS-301	SOUTH	HYDERABAD	Undefined	PRESSURE REGULATING VALVE CS F/E IBR - 80 MM #150[1.0]		Chemtech Alkoxides private limited	16/11/2023	06/11/2023	Sales Desk	117,500
120	06/11/2023	SOS-1011	SOUTH	HYDERABAD	Undefined	BOILER-MULTI-FLAME-600-BH[1.0]		M/s. SUZEN MEDICARE PVT LTD	06/11/2023	15/05/2023	Amit B	9,440,000
121	19/10/2023	SB-1009	SOUTH	HYDERABAD	Undefined	BOILER-CF-600-17B[1.0]		Kammac Projects	19/10/2023	29/03/2023	Amit B	4,236,200
122	26/09/2023	SB-1005	SOUTH	HYDERABAD	Manufacturing	BOILER-SF-100-DB[1.0] PRS-100[1.0] SINGLE CYCLONE DUST COLLECTOR-SDC-100[1.0]		Jeeva Organic Private Limited	26/09/2023	20/01/2023	Amit B	1,505,000
123	24/09/2023	SB-1006	SOUTH	HYDERABAD	Undefined	BOILER-SF-200-12.5B[1.0] CHIMNEY STRAIGHT - 450 DIA x 18M[1.0] DUCTINGS-FGD-400 mm[1.0] SINGLE CYCLONE DUST COLLECTOR-SDC-150/200[1.0]		SLV PLYWOOD BOARD & DOOR MANUFACTURIY INDUSTRIES	24/09/2023	31/07/2023	Amit B	2,309,850
124	08/09/2023	SAS-287	SOUTH	HYDERABAD	Undefined	Drum Feeder - 400 x 400[2.0]		Sri Monika Seeds	08/09/2023	04/09/2023	Amit B	349,280
125	31/08/2023	sb-994	SOUTH	HYDERABAD	Undefined	BOILER-SF-75-2P[1.0] CHIMNEY STRAIGHT - 350 MM X 18M[1.0] PRS-100[1.0] PRS-75[1.0]		Bluecat Paper LLP	31/08/2023	27/06/2023	Amit B	1,831,800
126	24/08/2023	sb-998	SOUTH	HYDERABAD	Undefined	BOILER-SF-200-17B-E[1.0]		Bimix Machines Pvt Ltd	24/08/2023	02/06/2023	Amit B	2,478,000
127	19/06/2023	SB-970	SOUTH	HYDERABAD	Manufacturing	BOILER-CF-300-17B[1.0]		hjjg	19/03/2023	14/03/2023	Sales Desk2	3,009,000
128	13/06/2023	sb-983	SOUTH	HYDERABAD	Undefined	PRS-100[1.0]		HUSK GLOBAL TECHNOLOGIES PVT LTD	13/06/2023	04/05/2023	Sales Desk	260,000
129	13/06/2023	LC-33A	SOUTH	HYDERABAD	Manufacturing	SERVICE CHARGES[1.0]		HKA Bawa	13/06/2023	14/03/2023	Sales Desk	85,000
130	13/06/2023	SB-978	SOUTH	HYDERABAD	Undefined	AIR LOCK-RAV-250[1.0] BOILER-AF-300-E[1.0] TWIN CYCLONE DUST COLLECTOR-TCDC-300[1.0]		Nanjundeswara Rice Mill	13/06/2023	29/03/2023	Sales Desk	2,455,000
131	06/06/2023	889988	SOUTH	HYDERABAD	Manufacturing	3-WAY DAMPER - 200[1.0]	CUSC16860577041350	test 2023	06/06/2023	06/06/2023	Amit B	147,500
132	29/03/2023	sb-967	SOUTH	HYDERABAD	Undefined	BOILER-SF-100-DB[1.0]		Sri Sai Engineering	29/03/2023	22/02/2023	Sales Desk	978,750
133	29/03/2023	sas-242	SOUTH	HYDERABAD	Undefined	FLANGESMST/HIBR[1.0] FUSIBLE PLUG BRONZE S/P IBR - 25 MM [1.0] NRV HORIZONTAL CI F/E IBR - 50MM[1.0]	CUSC17563841344930	Kreative Organics Private Limited	29/03/2023	23/03/2023	Sales Desk	7,096
134	29/03/2023	SB-974	SOUTH	HYDERABAD	Undefined	BOILER-SIB-SF-MW-50[1.0]		Odisha Industrial Monorel Pvt Ltd	29/03/2023	28/02/2023	Sales Desk	550,000
135	14/03/2023	sb-976	SOUTH	HYDERABAD	Undefined	BOILER-SF-75-SWB[1.0] PRS-100[1.0]		GANPATI ALKALIES AND CHEMICALS PRIVATE LIMITED	14/03/2023	05/02/2023	Sales Desk	1,085,000
136	14/03/2023	SB-973	SOUTH	HYDERABAD	Undefined	AIR LOCK-RAV-150[1.0] BOILER-SF-300-17B[1.0] CHIMNEY STRAIGHT -550 MM DIA[1.0] DUCTINGS-FGD-500 mm[1.0] MULTI CYCLONE DUST COLLECTOR-MDC-300[1.0] WATER PRE HEATER -WPH-300[1.0]		SRI VENKATESHWAR LIGHT WEIGHT BRICKS	14/03/2023	25/11/2022	Sales Desk	3,450,000
137	12/03/2023	SB-975	SOUTH	HYDERABAD	Undefined	BOILER-MULTI-FLAME-500-17B[1.0] TWIN CYCLONE DUST COLLECTOR-TCDC-500[1.0]		Akash Plywood Industries	05/06/2023	12/03/2023	Amit B	1,925,000
138	21/02/2023	SB-966	SOUTH	HYDERABAD	Undefined	BOILER-SIB-SF-MW-50[1.0]		Harniks India LLP	21/02/2023	30/12/2022	Sales Desk	550,000
139	17/02/2023	SB-970	SOUTH	HYDERABAD	Undefined	BOILER-CF-300-17B[1.0]		HHPL	17/02/2023	17/11/2022	Sales Desk	2,360,000
140	17/02/2023	NIBR-227	SOUTH	HYDERABAD	Undefined	WATER PRE HEATER -WPH-100[1.0]		Creamline Dairy	17/02/2023	22/09/2022	Sales Desk	165,000
141	31/01/2023	sas-230	SOUTH	HYDERABAD	Undefined	OTHERS[1.0]		Kuber Polymers	31/01/2023	24/01/2023	Sales Desk	16,250
142	18/01/2023	SAS-229	SOUTH	HYDERABAD	Undefined	VISIT CHARGES - OUT STATION[1.0]		Pithampur Industrial Waste Management	18/01/2023	12/01/2023	Sales Desk	17,500
143	17/01/2023	SB-963	SOUTH	HYDERABAD	Undefined	BOILER-SF-200-WB[1.0] DUCTINGS-FGD-400 mm[1.0] FREIGHT OUTWARD[1.0] NA[1.0] PRS-200-CI[1.0] SB-SPL-200-STANDARD[1.0] SITE INSTALLATION-2 TPH[1.0] TAPPERED CHIMNEY-1.5D X 450 DIA[1.0] TWIN CYCLONE DUST COLLECTOR-TCDC-150/200[1.0] WATER PRE HEATER -WPH-200[1.0]		Sushrutha Chem Pharma	17/01/2023	08/12/2022	Sales Desk	3,302,000
144	10/01/2023	SAS-225	SOUTH	HYDERABAD	Undefined	ID FAN - 5 HP[1.0]		Godrej	10/01/2023	31/12/2022	Sales Desk	66,080
145	26/12/2022	SB-849	SOUTH	HYDERABAD	Undefined	BOILER-SF-200-WB[1.0] CHIMNEY TAPPERED-2D-500 DIA[1.0] CONDENSAT RECOVERY PUMP - 50 NB[1.0] DUCTINGS-FGD-450 mm[12.0] MULTI CYCLONE DUST COLLECTOR-MDC-200[1.0]		Kreative Activities P. Ltd	26/12/2022	28/07/2020	Amit B	2,287,000
146	01/12/2022	SB 956	SOUTH	HYDERABAD	Undefined	BOILER-AGRO-FLAME-400[1.0]		PHA INDUSTRIES P. LTD	01/12/2022	07/10/2022	Amit B	3,100,000
147	10/11/2022	SB-959	SOUTH	HYDERABAD	Undefined	AIR PRE HEATER -APH-200[1.0] BOILER-SF-200-17B-E[1.0]		Aaradhya Disposal Industries Pvt. Ltd	10/11/2022	24/08/2022	Sales Desk	1,825,000
148	07/11/2022	SB-958	SOUTH	HYDERABAD	Undefined	BOILER-SF-300-17B[1.0] CHIMNEY STRAIGHT -550 MM DIA[1.0] DUCTINGS-FGD-500 mm[1.0] TWIN CYCLONE DUST COLLECTOR-TCDC-300[1.0]		Iyantra Industries	07/11/2022	21/10/2022	Sales Desk	2,700,000
149	24/10/2022	SB-952	SOUTH	HYDERABAD	Undefined	AIR PRE HEATER -APH-300[1.0] BOILER-SF-300-17B[1.0] CHIMNEY STRAIGHT -550 MM DIA[1.0] CONDENSAT RECOVERY PUMP - 50 NB[1.0] DUCTINGS-FGD-500 mm[1.0] LABOUR CHARGES ONLY[1.0] MS TANK -OHT-4 KL[1.0] SINGLE CYCLONE DUST COLLECTOR-SDC-300[1.0]	SB-952	Shree Bhagat Industries	24/10/2022	01/09/2022	Amit B	3,500,000
150	04/08/2022	SB-946	SOUTH	HYDERABAD	Manufacturing	BOILER-SIB-SF-10[1.0] STRAIGHT CHIMNEY-250 DIA X 6 M[1.0]		Mushroom Planter And Exporter	31/12/2022	06/08/2020	Sales Desk	295,000
151	01/06/2021	SB-871	SOUTH	HYDERABAD	Process Industries	BOILER-SF-200-WB[1.0]		SRIHAAS LIFE SCIENCES	01/06/2021	26/05/2021	Sales Desk	1,500,000
152	26/05/2021	NIBR-175	SOUTH	HYDERABAD	Undefined	THERMIC FLUID HEATER-OF-200-V[1.0]		Zeroharm Sciences Private Limited	26/05/2021	17/05/2021	Sales Desk	560,000
153	11/05/2021	SB-865	SOUTH	HYDERABAD	Undefined	BOILER-SF-100-DB[1.0] MULTI CYCLONE DUST COLLECTOR-MDC-100[1.0]		ALMAS LIFE SCIENCES	11/05/2021	27/01/2021	Sales Desk	1,176,250
154	19/03/2021	SB	SOUTH	HYDERABAD	Undefined	BOILER-MULTI-FLAME-600[1.0] CHIMNEY TAPPERED -2D-750 DIA[1.0] DUCTING-FGD-700 mm[18.0] MULTI CYCLONE DUST COLLECTOR-MDC-600-R[1.0]		Synthokem Labs Private Limited	19/03/2021	09/02/2021	Sales Desk	5,581,300
155	02/03/2021	SB	SOUTH	HYDERABAD	Undefined	BOILER-SF-300-17B[1.0] CHIMNEY STRAIGHT -550 MM DIA[1.0] DUCTINGS-FGD-500 mm[12.0] SINGLE CYCLONE DUST COLLECTOR-SDC-300[1.0] WATER PRE HEATER -WPH-300[1.0]		Vijay Dharma Blocks	02/03/2021	20/08/2020	Sales Desk	2,250,000
156	22/02/2021	NIBR-163	SOUTH	HYDERABAD	Process Industries	ID FAN - 40 HP[1.0] MOTOR 1440 RPM 40 HP[1.0]		Vasudha Pharma	22/02/2021	05/12/2020	Sales Desk	228,000
157	29/01/2021	SB-847	SOUTH	HYDERABAD	Undefined	BOILER-SF-100-2P[1.0]		VBR Foods	10/03/2021	06/11/2020	Amit B	760,000
158	21/01/2021	SB-843	SOUTH	HYDERABAD	Undefined	BOILER-SF-100-DB[1.0] BOILER-SF-50[1.0] CHIMNEY STRAIGHT- 300 DIA X 12 M[1.0] DUCTINGS-FGD-50[10.0] PRS-50-E[1.0] SINGLE CYCLONE DUST COLLECTOR-SDC-50[1.0]		VSN Engineers	21/01/2021	30/11/2020	Sales Desk	2,035,000
159	21/01/2021	SAS-25	SOUTH	HYDERABAD	Undefined	ID FAN - 10 HP[1.0]		SAI BALAJI INDUSTRIES	21/01/2021	13/11/2020	Sales Desk	65,000
160	21/01/2021	SB-844	SOUTH	HYDERABAD	Undefined	PRS-100[1.0]		Sids Farms Private Limited	21/01/2021	04/01/2021	Sales Desk	216,000
161	11/12/2020	SAS	SOUTH	HYDERABAD	Undefined	WATER LEVEL GAUGE CAST STEEL F/E IBR - 20 MM[1.0]		Sri Vishnu Explosives Pvt Ltd	11/12/2020	04/12/2020	Sales Desk	9,500
162	11/12/2020	SB-840	SOUTH	HYDERABAD	Undefined	CHIMNEY STRAIGHT - 400 MM X 12M[1.0] DUCTINGS-FGD-350 mm[10.0] o[1.0] SINGLE CYCLONE DUST COLLECTOR-SDC-100[1.0]		Manjeera Industries	11/12/2020	06/08/2020	Sales Desk	9,525,000
163	11/12/2020	SB-840	SOUTH	HYDERABAD	Undefined	CHIMNEY STRAIGHT - 400 MM X 12M[1.0] DUCTINGS-FGD-350 mm[10.0] o[1.0] SINGLE CYCLONE DUST COLLECTOR-SDC-100[1.0]		Manjeera Industries	11/12/2020	06/08/2020	Sales Desk	9,525,000
164	11/12/2020	sb-829	SOUTH	HYDERABAD	Undefined	Packing & Forwarding[1.0] PRS-100[1.0]		Doyen Overseas Pvt.Ltd	11/12/2020	09/10/2020	Sales Desk	177,000
165	04/12/2020	NIBR-159	SOUTH	HYDERABAD	Undefined	SINGLE CYCLONE DUST COLLECTOR SDC-60/75[1.0]		Super Power Laundry	12/12/2020	30/11/2020	Sales Desk	55,000
166	19/11/2020	SAS-09	SOUTH	HYDERABAD	Undefined	DISC CHECK VALVE SS IBR - 40 MM[4.0] GLASS TUBES 3/4" X 14"[2.0] GLOBE VALVE CAST STEEL F/E IBR - 80 NB-T/H[1.0] NRV HORIZONTAL CS F/E IBR - 40MM [4.0] RUBBER "O" RINGS FOR WLG - 3/4"[4.0] WATER LEVEL GAUGE CAST STEEL F/E IBR - 20 MM[1.0]		Athulitha Laboratories PVT LTD	19/11/2020	12/08/2020	Sales Desk	56,900
167	19/11/2020	SAS-09	SOUTH	HYDERABAD	Undefined	DISC CHECK VALVE SS IBR - 40 MM[4.0] GLASS TUBES 3/4" X 14"[2.0] GLOBE VALVE CAST STEEL F/E IBR - 80 NB-T/H[1.0] NRV HORIZONTAL CS F/E IBR - 40MM [4.0] RUBBER "O" RINGS FOR WLG - 3/4"[4.0] WATER LEVEL GAUGE CAST STEEL F/E IBR - 20 MM[1.0]		Athulitha Laboratories PVT LTD	19/11/2020	12/08/2020	Sales Desk	56,900
168	19/11/2020	NIBR-158	SOUTH	HYDERABAD	Undefined	HOT WATER CAN CLEANING BOILER[1.0]		Dinshaws Dairy Foods P ltd	19/11/2020	11/08/2020	Sales Desk	105,000
169	12/11/2020	verbal	SOUTH	HYDERABAD	Manufacturing	MOBRAY CONTROLLER IBR 17.50 KGS - CC 300[1.0]		S. R Techno Crafts	12/11/2020	30/10/2020	Sales Desk	11,500
170	12/11/2020	verbal	SOUTH	HYDERABAD	Manufacturing	MOBRAY CONTROLLER IBR 17.50 KGS - CC 300[1.0]		S. R Techno Crafts	12/11/2020	30/10/2020	Sales Desk	13,000
171	12/11/2020	SAS-19	SOUTH	HYDERABAD	Undefined	ID FAN - 3 HP[1.0] ID FAN - 5 HP[1.0] MOTOR 1440 RPM 3 HP[1.0]		EFFICIENT AGRICHEM PRIVATE LIMITED	12/11/2020	09/10/2020	Sales Desk	77,000
172	12/11/2020	verbal	SOUTH	HYDERABAD	Undefined	MOBRAY CONTROLLER IBR 10.54 KGS - CC 400[1.0]		Shree Jaya Laboratories (P) Ltd	12/11/2020	30/10/2020	Sales Desk	11,050
173	12/11/2020	SB-835	SOUTH	HYDERABAD	Undefined	BOILER-SF-300-17B[1.0] CHIMNEY STRAIGHT -550 MM DIA[1.0] DUCTINGS-FGD-500 mm[12.0] SINGLE CYCLONE DUST COLLECTOR-SDC-300[1.0] WATER PRE HEATER -WPH-300[1.0]		Vijay Dharma Blocks	12/11/2020	20/08/2020	Sales Desk	2,250,000
174	03/11/2020	verbal	SOUTH	HYDERABAD	Undefined	ID FAN - 5 HP[1.0] VISIT CHARGES - LOCAL[1.0]		Camus Biotech	03/11/2020	13/10/2020	Sales Desk	38,500
175	03/11/2020	mail	SOUTH	HYDERABAD	Undefined	BLOW DOWN VALVE CS F/E IBR 25NB [1.0] BLOW DOWN VALVE CS F/E IBR 50 NB[1.0] FUSIBLE PLUG BRONZE S/P IBR - 25 MM [1.0] PRESSURE SWITCH - RT - 116[1.0] RUBBER CONES SILICON ( RED) - 3/4"[1.0] WATER LEVEL GAUGE CAST STEEL F/E IBR - 20 MM[1.0]		Darsh Industries Ltd	03/11/2020	27/07/2020	Sales Desk	39,210
176	03/11/2020	mail	SOUTH	HYDERABAD	Undefined	BLOW DOWN VALVE CS F/E IBR 25NB [1.0] BLOW DOWN VALVE CS F/E IBR 50 NB[1.0] FUSIBLE PLUG BRONZE S/P IBR - 25 MM [1.0] PRESSURE SWITCH - RT - 116[1.0] RUBBER CONES SILICON ( RED) - 3/4"[1.0] WATER LEVEL GAUGE CAST STEEL F/E IBR - 20 MM[1.0]		Darsh Industries Ltd	03/11/2020	27/07/2020	Sales Desk	39,210
177	03/11/2020	verbal	SOUTH	HYDERABAD	Undefined	ID FAN - 5 HP[1.0] VISIT CHARGES - LOCAL[1.0]		Camus Biotech	03/11/2020	13/10/2020	Sales Desk	38,500
178	02/10/2020	SB-836	SOUTH	HYDERABAD	Undefined	HOT WATER CAN CLEANING BOILER[1.0]		Dinshaws Dairy Foods P ltd	18/11/2020	11/08/2020	Sales Desk	105,000
179	24/09/2020	SB-821	SOUTH	HYDERABAD	Undefined	PRS-300-CI[1.0]		COASTAL POLYMERS	24/09/2020	18/09/2020	Sales Desk	207,000
180	24/09/2020	SB-824	SOUTH	HYDERABAD	Undefined	PRS-300-CI[1.0]		COASTAL POLYMERS	24/09/2020	18/09/2020	Sales Desk	207,000
181	10/09/2020	SB-817	SOUTH	HYDERABAD	Undefined	BOILER-SF-300-17B[1.0]		SINGHANIA FOODS INTERNATIONAL UNIT-II	10/09/2020	09/09/2020	Sales Desk	2,200,000
182	10/09/2020	SB-819	SOUTH	HYDERABAD	Manufacturing	BOILER-CF-60[1.0] DUCTINGS-FGD-300 mm[1.0] REFRACTORY-CF-60[1.0] STRAIGHT CHIMNEY-SCT N SIB - 250[1.0]		Saiamrut Naturals	12/10/2020	18/08/2020	Amit B	586,250
183	03/09/2020	SAS-09	SOUTH	HYDERABAD	Undefined	DISC CHECK VALVE SS IBR - 40 MM[4.0] GLASS TUBES 3/4" X 14"[2.0] NRV HORIZONTAL CS F/E IBR - 40MM [4.0] RUBBER "O" RINGS FOR WLG - 3/4"[4.0] WATER LEVEL GAUGE CAST STEEL F/E IBR - 20 MM[1.0]	SAS-09	Athulitha Laboratories PVT LTD	07/09/2020	12/08/2020	Sales Desk	41,500
184	27/08/2020	SB - 814	SOUTH	HYDERABAD	Undefined	BOILER-SF-200-17B-E[1.0] DUCTINGS-FGD-400 mm[10.0] MULTI CYCLONE DUST COLLECTOR-MDC-200[1.0] WATER PRE HEATER -WPH-200[1.0]		Fortune Engineering Works	30/10/2020	16/06/2020	Amit B	1,829,000
185	24/08/2020	SB-813	SOUTH	HYDERABAD	Undefined	AIR LOCK-RAV-125[1.0] AIR PRE HEATER -APH-300[1.0] BOILER-SF-300-WB-HHS[1.0] MULTI CYCLONE DUST COLLECTOR-MDC-300[1.0]		Neuland Lab Ltd	24/10/2020	28/05/2020	Amit B	2,165,300
186	18/08/2020	4558962	SOUTH	HYDERABAD	Manufacturing	ACCOSATE 50[1.0]	CUSC15952155356080	A A	18/08/2020	20/07/2020	Sales Desk	600
187	10/08/2020	SB-NIBR-149	SOUTH	HYDERABAD	Undefined	Single Cyclone Dust Collector- SDC-STF-SF-200[1.0] THERMIC FLUID HEATER-SF-200-SU[1.0]		High Rise Transformers	10/08/2020	20/07/2020	Amit B	672,600
188	02/08/2020	SB-807	SOUTH	HYDERABAD	Undefined	AIR PRE HEATER -APH-400[1.0] BOILER-SF-500-TF[1.0] MULTI CYCLONE DUST COLLECTOR-MDC-400[1.0]		BP Plywood	15/10/2020	08/07/2020	Amit B	2,188,900
189	27/07/2020	SB-808 AND SB-809	SOUTH	HYDERABAD	Undefined	BOILER-AF-1 TPH[1.0] BOILER-AF- 2 TPH[1.0]		Nagraj Industries	27/09/2020	20/07/2020	Amit B	2,310,000
190	25/07/2020	SAS-06	SOUTH	HYDERABAD	Undefined	WATER LEVEL GAUGE BRONZE F/E IBR - 20 MM [1.0]		Torrent Pharma Ltd	25/07/2020	16/07/2020	Sales Desk	12,690
191	19/07/2020	SB-804	SOUTH	HYDERABAD	Undefined	BOILER-SF-150-DB[1.0] CHIMNEY STRAIGHT - 450 DIA x 18M[1.0] DUCTINGS-FGD-400 mm[10.0] MULTI CYCLONE DUST COLLECTOR-MDC-200[1.0] PRS-150-CI[1.0]		Green Gardern Agro Products	30/07/2020	24/06/2020	Amit B	1,543,000
192	10/07/2020	nibr122	SOUTH	Bangalore	Manufacturing	ACCOSATE 50[1.0]		aaaa	10/07/2020	10/07/2020	Amit B	600
193	09/07/2020	Verbal	SOUTH	HYDERABAD	Undefined	SAFETY VALVES CS F/E IBR - 25 NB X 50 NB - T/H- 10.54 KGS[2.0]		Lova Prasad Exports	09/07/2020	06/07/2020	Sales Desk	29,500
194	06/07/2020	Email dated 4th July 2020	SOUTH	Bangalore	Undefined	BOILER-SIB-SF-30-2P[1.0] STRAIGHT CHIMNEY-250 DIA X 6 M[1.0]		Surya Exports	06/08/2020	26/06/2020	Amit B	350,000
195	01/07/2020	Verbal	SOUTH	Bangalore	Undefined	CHIMNEY STRAIGHT - 400 DIA X 24 M[1.0]		Nagarjuna Feeds	31/07/2020	22/06/2020	Amit B	363,440
