kind,organization,reason / status,notes,possible customers (id: name)
"no_customer_match","Shyamsundar","2 customers share this name","","9730: Shyamsundar | 15923: Shyam Sundar"
"no_customer_match","My Family Shop.","no customer with this name","",""
"no_customer_match","Kishore","4 customers share this name","","9740: Kishore | 15528: Kishore (CUSC16393666762910) | 17339: Kishore (CUSC16000604908500) | 17478: kishore (CUSC15980796319220)"
"no_customer_match","Anil","13 customers share this name","","9724: Anil | 11984: Anil (CUSC17318329119250) | 13706: Anil (CUSC16907725857200) | 15276: Anil (CUSC16490617055940) | 15336: Anil (CUSC16475792119020)"
"no_customer_match","Saurabh Singh","no customer with this name","",""
"no_customer_match","Radhe Shyam Palace","no customer with this name","",""
"no_customer_match","EJ Company","no customer with this name","",""
"no_customer_match","Shivyansh Aarnav Enterprises","no customer with this name","",""
"no_customer_match","OEM-LAUNDRY LIMRA ASSOCIATE","similar names only","","9743: OEM-LAUNDRY LEEMRA ASSOCIATE | 9768: LIMRA ASSOCIATE"
"no_customer_match","kiran Kaitke","no customer with this name","",""
"no_customer_match","M.R.Roller Tech Industries","no customer with this name","",""
"no_customer_match","MRIGENDRA Singh","no customer with this name","",""
"no_customer_match","Pradeep","5 customers share this name","","9761: Pradeep | 12703: Pradeep (CUSC17138789033270) | 13290: Pradeep (CUSC16982869165510) | 16588: Pradeep (CUSC16144163089820) | 17151: Pradeep (CUSC16022113010180)"
"no_customer_match","Mukesh Khan","no customer with this name","",""
"no_customer_match","Nagaraju","4 customers share this name","","9902: Nagaraju | 14518: Nagaraju (CUSC16787585519530) | 15610: Nagaraju (CUSC16333065560910) | 16411: Nagaraju (CUSC16193307037200)"
"no_customer_match","Ranchi Rawat","similar names only","","9742: Ranchi Rawat-Auburn Design Pvt Ltd"
"no_customer_match","Somnath","2 customers share this name","","9769: Somnath | 12470: Somnath (CUSC17181583129110)"
"no_customer_match","RE SUSTAINABILITY LIMITED","6 customers share this name","","10188: RE SUSTAINABILITY LIMITED | 11038: RE Sustainability Limited (2) | 11086: RE SUSTAINABILITY LIMITED (HYDERABAD HYDERABAD) | 12145: RE Sustainability Limited, | 14840: Re Sustainability Limited (CUSC16729867964700)"
"no_customer_match","ORION CHEMICAL","no customer with this name","",""
"no_customer_match","NIRANJAN","3 customers share this name","","10042: NIRANJAN | 13645: Niranjan (CUSC16917228516530) | 18127: Niranjan (CUSC15928401555780)"
"no_customer_match","SSB BRICKS","2 customers share this name","","267: S S B BRICKS | 11961: SSB Bricks"
"no_customer_match","Alkaloids PVT LTD","2 customers share this name","","96: ALKALOIDS PVT LTD | 16546: Alkaloids PVT LTD (CUSC17900659303860)"
"no_customer_match","LATHA","2 customers share this name","","10686: LATHA | 15625: Latha (CUSC16324492140780)"
"no_customer_match","Sonu","4 customers share this name","","10414: Sonu | 10588: Sonu (Nawada) | 13078: Sonu (CUSC17047638708170) | 17169: Sonu (CUSC16018689516100)"
"no_customer_match","Creamline Dairy Products Ltd","6 customers share this name","","130: Cream Line Dairy Products Ltd | 131: CREAMLINE DAIRY PRODUCTS LIMITED | 12347: Creamline Dairy Products Ltd | 14124: Creamline Dairy Products Limited (CUSC16842390845680) | 14188: Creamline Dairy Products Ltd (CUSC16832870783920)"
"no_customer_match","Suresh","10 customers share this name","","10883: Suresh | 11876: Suresh (CUSC17355534552350) | 13035: Suresh (2) | 13292: Suresh (CUSC16982868298950) | 14592: Suresh (CUSC16772872642020)"
"no_customer_match","Indian Dairy Equipments and Fabricators","2 customers share this name","","10905: Indian Dairy Equipments and Fabricators | 14765: INDIAN DAIRY EQUIPMENTS & FABRICATORS"
"no_customer_match","Naidu","2 customers share this name","","11839: Naidu | 15269: Naidu (CUSC16499177588760)"
"no_customer_match","Botanic Healthcare p ltd","2 customers share this name","","115: BOTANIC HEALTH CARE PVT LTD | 11462: Botanic Healthcare p ltd"
"no_customer_match","Vijay","10 customers share this name","","10141: Vijay | 10256: VIJAY (2) | 10658: VIJAY (3) | 10780: Vijay (HYDERABAD) | 11602: Vijay (Kanpur rural)"
"no_customer_match","MANISH","4 customers share this name","","11028: MANISH | 15748: Manish (CUSC16305393305880) | 16039: Manish (CUSC16255361343110) | 17915: Manish (CUSC15948223626870)"
"no_customer_match","METL","2 customers share this name","","9788: METL | 15623: METL (CUSC16325727617160)"
"no_customer_match","SS Engineers India","4 customers share this name","","13160: SS Engineers India | 13580: SS Engineers India (CUSC16938199363700) | 13806: SS Engineers India (CUSC16897713669550) | 14263: SS Engineers India (CUSC16818045005370)"
"no_customer_match","SS Enterprises","4 customers share this name","","9958: SS Enterprises | 15555: Ss Enterprises (CUSC16349482258940) | 17306: SS Enterprises (CUSC16005873419730) | 18306: S S Enterprises"
"no_customer_match","MOHAMMED","7 customers share this name","","9890: MOHAMMED | 10871: Mohammed (2) | 14750: MOhammed (CUSC16750387969630) | 15115: Mohammed (CUSC16590696601840) | 16740: Mohammed (CUSC16080868123180)"
"no_customer_match","DHEERAJ","4 customers share this name","","10727: Dheeraj | 10831: DHEERAJ (2) | 12382: Dheeraj (CUSC17195423854460) | 15615: Dheeraj (CUSC16329628578420)"
"no_customer_match","BUYER","14 customers share this name","","9819: BUYER | 10265: BUYER (2) | 10779: BUYER (3) | 11606: Buyer (4) | 13279: Buyer (CUSC16982878543540)"
"no_customer_match","Ravi","8 customers share this name","","9793: Ravi | 11420: Ravi (2) | 12591: Ravi (CUSC17167084318370) | 14055: Ravi (CUSC16856728441910) | 15247: Ravi (CUSC16502813496260)"
"no_customer_match","SURYA","4 customers share this name","","9794: SURYA | 12814: Surya (CUSC17122853339230) | 16925: Surya (CUSC16049774924780) | 17360: Surya (CUSC15991905935190)"
"no_customer_match","SRI","2 customers share this name","","10446: SRI | 16006: Sri (CUSC16270058615490)"
"no_customer_match","NONIVITA","no customer with this name","",""
"no_customer_match","Mohit","3 customers share this name","","9843: Mohit | 10874: MOHIT (2) | 11588: Mohit (3)"
"no_customer_match","Dilip","4 customers share this name","","9859: Dilip | 13774: Dilip (CUSC16899898448060) | 16831: Dilip (CUSC16066383374170) | 18097: Dilip (CUSC15931701393340)"
"no_customer_match","SAMEER","3 customers share this name","","10020: SAMEER | 11983: Sameer (CUSC17318333321320) | 12221: Sameer (CUSC17215365105890)"
"no_customer_match","SHUBHAM","7 customers share this name","","9832: SHUBHAM | 10285: Shubham (Lucknow) | 12794: Shubham (CUSC17125440040420) | 15437: Shubham (CUSC16433383730570) | 15955: Shubham (CUSC16273541283170)"
"no_customer_match","Suman","2 customers share this name","","10013: Suman | 14278: Suman (CUSC16811959740630)"
"no_customer_match","Narayan","3 customers share this name","","9864: Narayan | 16067: Narayan (CUSC16251939341010) | 16168: Narayan (CUSC16229783427320)"
"no_customer_match","Bikash","2 customers share this name","","10060: Bikash | 11611: Bikash (2)"
"no_customer_match","Rahul","5 customers share this name","","9865: Rahul | 11867: Rahul (CUSC17356253177490) | 12412: Rahul (CUSC17192795502960) | 13510: Rahul (CUSC16947423524170) | 16001: Rahul (CUSC16270061503840)"
"no_customer_match","YAMA RIBBON","2 customers share this name","","13631: YAMA RIBBON | 13658: Yama Ribbon (CUSC16912045276130)"
"no_customer_match","GAUTAM","2 customers share this name","","9911: GAUTAM | 17361: Gautam (CUSC15991905204720)"
"no_customer_match","Milkon Feed-Rohit Bhowmick","no customer with this name","",""
"no_customer_match","N S L Textiles Ltd","2 customers share this name","","237: NSL TEXTILES LIMITED | 10314: N S L Textiles Ltd"
"no_customer_match","Gangadhar","5 customers share this name","","9953: Gangadhar | 12058: Gangadhar (CUSC17284698265140) | 14673: GANGADHAR (CUSC16758559634210) | 14692: Gangadhar (CUSC16756564148620) | 15937: Gangadhar (CUSC16274427763970)"
"no_customer_match","JITENDRA","2 customers share this name","","10399: JITENDRA | 16082: Jitendra (CUSC16246910755080)"
"no_customer_match","Anil Kumar","3 customers share this name","","10280: Anil Kumar | 12652: Anil Kumar (CUSC17145367979400) | 13686: anil kumar."
"no_customer_match","SANVIRA INDUSTRIES LIMITED","no customer with this name","",""
"no_customer_match","Selvam","2 customers share this name","","9943: Selvam | 14845: Selvam (CUSC16728959556710)"
"no_customer_match","PARASH PAUL-CAMAC AAC BRICK OEM","similar names only","","9977: PARASH PAUL-KAMAAC AAC BRICK OEM"
"no_customer_match","M. S. Traders","2 customers share this name","","10051: M. S. Traders | 11736: M S TRADERS"
"no_customer_match","VEERCHEMIE AND AROMATICS P LTD","2 customers share this name","","348: VEER CHEMIE AND AROMATICS PVT LTD | 18043: Veer-Chemie & Aromatics Private Limited"
"no_customer_match","Sagar","4 customers share this name","","11024: Sagar | 13570: Sagar (CUSC16938994535230) | 14323: Sagar (CUSC16806697298320) | 15835: Sagar (CUSC16287350009710)"
"no_customer_match","SR ENTERPRISES","4 customers share this name","","10575: S R Enterprises | 11621: SR ENTERPRISES | 13791: SR Enterprises (CUSC16899875720470) | 17368: SR Enterprises (CUSC15991900687040)"
"no_customer_match","Kartik, Orange Shorting Machine Pvt. Ltd. (Grain Industry-Rice)","similar names only","","10820: Kartik, Orange Shorting Machine Pvt. Ltd. (Grain Industry-Rice)"
"no_customer_match","Khandelwal Industries (Construction)","similar names only","","10613: Khandelwal Industries (Construction)"
"no_customer_match","Orient chemicals","no customer with this name","",""
"no_customer_match","Shivkumar","2 customers share this name","","10022: Shivkumar | 16345: Shiv Kumar"
"no_customer_match","Hari","5 customers share this name","","10260: HARI | 11224: Hari (2) | 14833: Hari (CUSC16732593258470) | 17502: Hari (CUSC15979266152920) | 18090: Hari (CUSC15933273887140)"
"no_customer_match","Jaay Meher","2 customers share this name","","11283: Jaay Meher | 17644: Jaay Meher (CUSC15970283452700)"
"no_customer_match","Sharif","2 customers share this name","","10219: Sharif | 14390: Sharif (CUSC16797941768950)"
"no_customer_match","Sunil Kumar","2 customers share this name","","11282: Sunil Kumar | 16196: Sunil Kumar (CUSC16226001359280)"
"no_customer_match","Gopi","7 customers share this name","","10068: Gopi | 10183: Gopi (2) | 10978: Gopi (3) | 15484: Gopi (CUSC16407426838890) | 16220: GOPI (CUSC16225307075720)"
"no_customer_match","Satish","7 customers share this name","","10135: Satish | 12363: Satish (2) | 13562: Satish (CUSC16947366826730) | 16958: Satish (CUSC16044860036540) | 16961: Satish (CUSC16044776808610)"
"no_customer_match","Assam Live stock And Poultry Corporation Ltd(ALPCO LTD.)","similar names only","","10774: Assam Live stock And Poultry Corporation Ltd(ALPCO LTD.)"
"no_customer_match","Iyantra Industries","5 customers share this name","","174: IYANTRA INDUSTRIES | 366: Iyantra Industries | 14696: Iyantra Industries (CUSC16755812907530) | 15070: Iyantra Industries (CUSC16663594672780) | 17088: Iyantra Industries (CUSC16026562589160)"
"no_customer_match","Uday","3 customers share this name","","10274: Uday | 16374: Uday (CUSC16198515810400) | 16884: Uday (CUSC16056676119770)"
"no_customer_match","Rakesh","6 customers share this name","","10199: Rakesh | 15830: Rakesh (CUSC16287351573800) | 15831: Rakesh (CUSC16287351475120) | 15875: Rakesh (CUSC16284010246730) | 17241: Rakesh (CUSC16012011123080)"
"no_customer_match","Pramod","4 customers share this name","","10106: Pramod | 14015: Pramod (CUSC16861073091590) | 15472: Pramod (CUSC16416199461560) | 17480: Pramod (CUSC15980795678650)"
"no_customer_match","Tapas Pal-Kalna Rice Plant","similar names only","","10132: Tapas Pal-Jamalpur Rice Plant"
"no_customer_match","S R Enterprises","4 customers share this name","","10575: S R Enterprises | 11621: SR ENTERPRISES | 13791: SR Enterprises (CUSC16899875720470) | 17368: SR Enterprises (CUSC15991900687040)"
"no_customer_match","Vijay Kumar","2 customers share this name","","10155: Vijay Kumar | 12741: Vijaykumar"
"no_customer_match","ADITYA","3 customers share this name","","10169: ADITYA | 12357: Aditya (CUSC17196270772600) | 13148: Aditya (CUSC17030666520060)"
"no_customer_match","A R Enterprises","3 customers share this name","","10140: A R Enterprises | 16185: A.R.Enterprises | 17743: Ar Enterprises"
"no_customer_match","Shiv Traders","2 customers share this name","","10139: Shiv Traders | 13910: Shiv Traders (CUSC16876662628480)"
"no_customer_match","Abhishek","6 customers share this name","","10156: Abhishek | 13199: Abhishek (CUSC17014212798580) | 14054: Abhishek (CUSC16856729210500) | 15801: Abhishek (CUSC16294263128080) | 17286: Abhishek (CUSC16005913035720)"
"no_customer_match","Sathish","3 customers share this name","","10173: Sathish | 12893: Sathish (CUSC17103003555030) | 18069: Sathish (CUSC15933336980430)"
"no_customer_match","Venkatesh","3 customers share this name","","11369: Venkatesh | 16991: Venkatesh (CUSC16040295718510) | 17032: Venkatesh (CUSC16033367846150)"
"no_customer_match","Farmer","2 customers share this name","","10205: Farmer | 14028: farmer (CUSC16859346879400)"
"no_customer_match","Rajesh Mondal","similar names only","","10377: Rajesh Mondal-Tara Maa Natural Grains Pvt. Ltd."
"no_customer_match","NNB AQUA AGRO","no customer with this name","",""
"no_customer_match","HEAD SALES-SURI ENGINEERS PVT. LTD.","similar names only","","11883: Suri engineers p ltd"
"no_customer_match","HS Engineering","2 customers share this name","","10198: H S ENGINEERING | 10220: HS Engineering"
"no_customer_match","Giri","2 customers share this name","","10249: Giri | 15409: Giri (CUSC16437660428220)"
"no_customer_match","Ms Yeshua Menorha Industries","no customer with this name","",""
"no_customer_match","RK industries","3 customers share this name","","256: R K INDUSTRIES | 10827: RK industries | 11635: RK Industries (2)"
"no_customer_match","Srinivasreddy","3 customers share this name","","10755: Srinivasreddy | 16959: Srinivas Reddy | 18258: Srinivas Reddy (CUSC15915363418630)"
"no_customer_match","Delhi Exibition -Shanti Boilers","no customer with this name","",""
"no_customer_match","Ankit","2 customers share this name","","10355: Ankit | 10903: Ankit (bhind)"
"no_customer_match","RAM PARENTERALS PRIVATE LIMITED","no customer with this name","",""
"no_customer_match","Rick Fooder-Rohit Bhowmick","no customer with this name","",""
"no_customer_match","not company","no customer with this name","",""
"no_customer_match","Laxmi Kanta Das","no customer with this name","",""
"no_customer_match","Suraj Labs","2 customers share this name","","11886: Suraj Labs | 15109: Suraj Labs (CUSC17819597507970)"
"no_customer_match","GOBINDA","2 customers share this name","","10531: GOBINDA | 17015: Gobinda (CUSC16033373589070)"
"no_customer_match","Manoj","2 customers share this name","","10513: Manoj | 15878: Manoj (CUSC16284008181440)"
"no_customer_match","AISHA ENTERORISES","no customer with this name","",""
"no_customer_match","Mahesh","6 customers share this name","","10472: Mahesh | 16741: Mahesh (CUSC16080867179000) | 17313: Mahesh (CUSC16005856555030) | 17485: Mahesh (CUSC15980788745270) | 17486: Mahesh (CUSC15980788418410)"
"no_customer_match","Manish Kumar","2 customers share this name","","11890: Manish Kumar | 12644: Manish Kumar (CUSC17145374457740)"
"no_customer_match","Pradip","2 customers share this name","","10507: Pradip | 13757: Pradip (CUSC16905067089800)"
"no_customer_match","DIPANKAR","2 customers share this name","","11068: DIPANKAR | 15357: Dipankar (CUSC16452382268240)"
"no_customer_match","Kumar","9 customers share this name","","10541: Kumar | 13821: Kumar (CUSC16895833735940) | 15285: Kumar (CUSC16484589222750) | 15360: Kumar (CUSC16451517604470) | 15583: Kumar (CUSC16343506058950)"
"no_customer_match","Chartered Acoounts Barddhaman","similar names only","","10641: Chartered Acoounts Barddhaman-Fincare Consultancy Services"
"no_customer_match","Raju","7 customers share this name","","10600: Raju | 13150: Raju (CUSC17030651108900) | 14978: Raju (CUSC16696880936300) | 15510: Raju (CUSC16405699683480) | 16105: RAJU (CUSC16245081953560)"
"no_customer_match","Arun","7 customers share this name","","10597: Arun | 12114: Arun (CUSC17260187559920) | 13832: Arun (CUSC16895812170080) | 13983: Arun (CUSC16863797785120) | 14610: Arun (CUSC16769387989180)"
"no_customer_match","Rama Krishna","3 customers share this name","","10608: Rama Krishna | 15597: Ramakrishna | 17778: Ramakrishna (CUSC15966187047740)"
"no_customer_match","Plantae Lifesciences Pvt. Ltd","2 customers share this name","","10635: Plantae Lifesciences Pvt. Ltd | 15141: M/s. Plantae Life Sciences Private Limited."
"no_customer_match","Shri B. Sharma(Boiler Inspector,Assam)","similar names only","","10629: Shri B. Sharma(Boiler Inspector,Assam)"
"no_customer_match","BosonTech (Pvt) Ltd.","2 customers share this name","","10981: BosonTech (Pvt) Ltd. | 13289: BosonTech (Pvt) ltd"
"no_customer_match","Prateek","2 customers share this name","","10879: Prateek | 14656: Prateek (CUSC16762669183280)"
"no_customer_match","Preetham","2 customers share this name","","10836: Preetham | 14651: Preetham (CUSC16762675557310)"
"no_customer_match","Vishal","6 customers share this name","","10776: Vishal | 11288: Vishal (2) | 12000: Vishal (CUSC17318261294840) | 12344: Vishal (CUSC17201438623880) | 13961: Vishal (CUSC16871627714240)"
"no_customer_match","Saikat","no customer with this name","",""
"no_customer_match","VB Medicare private limited","2 customers share this name","","340: V.B.MEDICARE PRIVATE LIMITED | 11271: VB Medicare"
"no_customer_match","Vigneshwaran","2 customers share this name","","11580: Vigneshwaran | 11584: Vigneshwaran (2)"
"no_customer_match","CONSULTANT ABHAY MISHRA","no customer with this name","",""
"no_customer_match","Vicky","2 customers share this name","","10258: Vicky | 10742: Vicky (Lucknow)"
"no_customer_match","Lokesh","3 customers share this name","","10739: Lokesh | 15920: Lokesh (CUSC16275277810820) | 17411: Lokesh (CUSC15986925983640)"
"no_customer_match","Shop","2 customers share this name","","10733: Shop | 16423: Shop (CUSC16193287397290)"
"no_customer_match","VB Medicare","2 customers share this name","","340: V.B.MEDICARE PRIVATE LIMITED | 11271: VB Medicare"
"no_customer_match","Virendra","2 customers share this name","","10760: Virendra | 16304: Virendra (CUSC16216576250700)"
"no_customer_match","Balaji enterprises","2 customers share this name","","11716: Balaji enterprises | 14375: Balaji Enterprises (CUSC16801366450200)"
"no_customer_match","Raj Blast","no customer with this name","",""
"no_customer_match","S K Traders","2 customers share this name","","10773: S K Traders | 14329: SK Traders"
"no_customer_match","Sk","3 customers share this name","","11627: Sk | 11952: S K | 12386: Sk (CUSC17195421761000)"
"no_customer_match","R S ENTERPRISES","2 customers share this name","","10966: R S ENTERPRISES | 10999: R.S. ENTERPRISES"
"no_customer_match","Sai Engineering","similar names only","","290: SHREE SAI ENGINEERING WORKS - DEBTOR | 11195: Sri Satya Sai Engineering | 14607: Sri Sai Engineering | 15078: Sri Sai Engineering (CUSC16658371427930) | 15359: Om Sai Engineering Services"
"no_customer_match","Asrufa Parvin","no customer with this name","",""
"no_customer_match","SV Engineering","2 customers share this name","","11218: SV Engineering | 14069: S V Engineering"
"no_customer_match","Pavan","4 customers share this name","","11161: Pavan | 12582: Pavan (CUSC17167089043360) | 15228: Pavan (CUSC16510525621960) | 17698: Pavan (CUSC15966807194420)"
"no_customer_match","Maitree Rice Mill","2 customers share this name","","12072: M/s Maitree Rice mill | 12103: Maitree Rice Mill"
"no_customer_match","MADHAV","2 customers share this name","","10911: MADHAV | 16134: Madhav (CUSC16238095476400)"
"no_customer_match","Manoj Kumar","2 customers share this name","","10914: Manoj Kumar | 12896: Manojkumar,"
"no_customer_match","SURAJ","2 customers share this name","","10878: SURAJ | 18204: Suraj (CUSC15919358598230)"
"no_customer_match","Ashutosh","no customer with this name","",""
"no_customer_match","test 3","no customer with this name","",""
"no_customer_match","Mohan","4 customers share this name","","10933: Mohan | 12108: Mohan (CUSC17260191777560) | 17383: Mohan (CUSC15991128976790) | 17427: Mohan (CUSC15985206694560)"
"no_customer_match","BosonTech (Pvt) ltd","2 customers share this name","","10981: BosonTech (Pvt) Ltd. | 13289: BosonTech (Pvt) ltd"
"no_customer_match","VIDYA HERBS PVT. LTD","4 customers share this name","","11013: VIDYA HERBS PVT. LTD | 16544: VIDYA HERBS PVT LTD | 16809: VIDYA HERBS PVT LTD (CUSC16074214350060) | 16862: VIDYA HERBS PVT LTD (CUSC16058653617480)"
"no_customer_match","DXN Manufacturing (India Private Limited)","similar names only","","11237: DXN Manufacturing (India Private Limited)"
"no_customer_match","Vishnu","3 customers share this name","","11185: Vishnu | 13984: Vishnu (CUSC16863792968380) | 16125: Vishnu (CUSC16244132415750)"
"no_customer_match","R R LABORATORIES","2 customers share this name","","11346: R R LABORATORIES | 12242: R. R. Laboratories"
"no_customer_match","Dorasani Life Sciences Pvt Ltd","2 customers share this name","","11860: Dorasani life sciences p ltd | 12253: Dorasani Life Sciences Pvt Ltd"
"no_customer_match","Etico Chemicals P Ltd","no customer with this name","",""
"no_customer_match","JW Laundry Solutions","similar names only","","11138: JSW Laundry Solutions"
"no_customer_match","Sri laxminivasa ply and boards","2 customers share this name","","11090: Sri laxminivasa ply and boards | 11094: Sri Laxmi Nivasa Ply and Boards"
"no_customer_match","Teamech","2 customers share this name","","11386: Teamech | 11469: Teamech (2)"
"no_customer_match","Mr Srinivas Varada, Nandi tyres","similar names only","","11044: Nandi tyres"
"no_customer_match","Island Veerchemie Pltd","2 customers share this name","","11115: ISLAND VEERCHEMIE P LTD | 11612: Island Veer Chemie Pvt.Ltd,"
"no_customer_match","Y RAMESH KUMAR","similar names only","","11069: Ramesh Kumar"
"no_customer_match","FLEMING LABORATORIES LIMITED","similar names only","","10122: FLEMING LABORATORIES P LIMITED"
"no_customer_match","Vikrama Innovative Technologies","3 customers share this name","","80: VIKRAMA INNOVATIVE TECHNOLOGIES | 12096: Vikrama Innovative Technologies (CUSC17264567770420) | 15039: VIKRAMA INNOVATIVE TECHNOLOGIES (CUSC16682526489740)"
"no_customer_match","Kalyan","3 customers share this name","","11251: Kalyan | 16835: KALYAN (CUSC16066375907430) | 18305: Kalyan (CUSC15912700159850)"
"no_customer_match","M/s. Srivilas Hydrotech Private Limited","2 customers share this name","","73: SRIVILAS HYDROTECH PVT LTD | 17219: Sri Vilas Hydrotech Private Limited"
"no_customer_match","S N ENGINEERING","3 customers share this name","","11858: S N ENGINEERING | 13210: SN ENGINEERING | 13481: S.N.Engineering"
"no_customer_match","KHASIM","2 customers share this name","","11416: KHASIM | 15475: Khasim (CUSC16416188694280)"
"no_customer_match","OEM SREE GANESH ERECTORS AND FABRICATORS","similar names only","","12126: M/s SREE GANESH ERECTORS AND FABRICATORS"
"no_customer_match","FERMAC BIO PRIVATE LTD","2 customers share this name","","147: FERMAC BIO PVT LTD | 14416: FERMAC BIO PRIVATE LTD"
"no_customer_match","Jasoda Rice Mill","similar names only","","12817: Rice Mill | 13493: SG RICE MILL | 13604: R.M. Rice Mill | 15819: R K Rice Mill | 16359: GB Rice Mill"
"no_customer_match","M S TRADERS","2 customers share this name","","10051: M. S. Traders | 11736: M S TRADERS"
"no_customer_match","Akash","3 customers share this name","","11791: Akash | 13617: Akash (CUSC16934499988430) | 15912: Akash (CUSC16281291365400)"
"no_customer_match","Hubert Healthcare Pvt. Ltd.","2 customers share this name","","11653: Hubert Healthcare Pvt. Ltd. | 14700: Hubert health care pvt ltd"
"no_customer_match","BS Engineering","3 customers share this name","","11413: BS Engineering | 13609: B S Engineering | 16822: BS Engineering (CUSC16070648914880)"
"no_customer_match","Phani","3 customers share this name","","11482: Phani | 16311: Phani (CUSC16212301220450) | 17278: Phani (CUSC16005919806890)"
"no_customer_match","Vinay Kumar","3 customers share this name","","11746: Vinay Kumar | 15337: Vinay Kumar (CUSC16475791769640) | 17467: Vinay Kumar (CUSC15980804735990)"
"no_customer_match","coon fresh agro farm","2 customers share this name","","11649: coon fresh agro farm | 11665: coon fresh agro farm (CUSC17408931374190)"
"no_customer_match","Neotech Boilers Pvt Ltd","6 customers share this name","","11739: Neotech Boilers Pvt Ltd | 11740: Neotech Boilers Pvt Ltd (CUSC17371730510500) | 12256: Neotech Boilers Pvt Ltd (CUSC17209350756510) | 13032: Neotech Boilers | 15140: M/s Neo Tech Boilers"
"no_customer_match","Irfan","3 customers share this name","","11528: Irfan | 17301: Irfan (CUSC16005881963010) | 17690: Irfan (CUSC15966811804150)"
"no_customer_match","Mahaveer Agency","2 customers share this name","","11850: Mahaveer Agency | 12190: Mahaveer Agency (CUSC17217938636190)"
"no_customer_match","chakra chem life science pvt ltd","2 customers share this name","","14701: chakra chem life science pvt ltd | 14729: CHAKRA CHEM LIFESCIENCE PVT LTD"
"no_customer_match","M/s Nagarjuna Cerachem (P) Ltd","2 customers share this name","","224: Nagarjuna Cerachem Pvt Ltd | 13215: Nagarjuna Cerachem (P) Ltd"
"no_customer_match","a to z","2 customers share this name","","11529: a to z | 14236: M/S A To Z"
"no_customer_match","Madhu","2 customers share this name","","11656: Madhu | 16836: Madhu (CUSC16066368559070)"
"no_customer_match","Mahakal Papad Udyog","no customer with this name","",""
"no_customer_match","M/s Maitree Rice mill","2 customers share this name","","12072: M/s Maitree Rice mill | 12103: Maitree Rice Mill"
"no_customer_match","Manoj Jadon","no customer with this name","",""
"no_customer_match","RE Sustainability Limited,","6 customers share this name","","10188: RE SUSTAINABILITY LIMITED | 11038: RE Sustainability Limited (2) | 11086: RE SUSTAINABILITY LIMITED (HYDERABAD HYDERABAD) | 12145: RE Sustainability Limited, | 14840: Re Sustainability Limited (CUSC16729867964700)"
"no_customer_match","Vijay Plastics","no customer with this name","",""
"no_customer_match","Srinivas","6 customers share this name","","11772: Srinivas | 13476: Srinivas (CUSC16956065813300) | 15491: Srinivas (CUSC16407419738860) | 15701: Srinivas (CUSC16308203099600) | 15727: Srinivas (CUSC16306360496570)"
"no_customer_match","SREE FRUIT","similar names only","","297: SREE FRUIT BEVERAGES"
"no_customer_match","Padmavathi Traders","2 customers share this name","","11764: Padmavathi Traders | 13144: Padmavathi Traders (CUSC17030670096240)"
"no_customer_match","Sandeep","10 customers share this name","","11857: Sandeep | 14603: Sandeep (CUSC16771114224840) | 14902: Sandeep (CUSC16721084526440) | 17189: Sandeep (CUSC16018683364370) | 17327: Sandeep (CUSC16005836388110)"
"no_customer_match","SRI TECH LIPID PROCESS TECHNOLOGIES PVT.LTD","2 customers share this name","","11644: Sritech Lipid Process Technologies Pvt Ltd. | 11719: SRI TECH LIPID PROCESS TECHNOLOGIES PVT.LTD"
"no_customer_match","Prem Singh","3 customers share this name","","11989: Prem Singh | 12880: Prem Singh (CUSC17104168635300) | 17034: Prem Singh (CUSC16033367341080)"
"no_customer_match","Pashupatishah","no customer with this name","",""
"no_customer_match","Vasu","2 customers share this name","","11928: Vasu | 14988: Vasu (CUSC16696864065800)"
"no_customer_match","Bhagwati Enterprises","2 customers share this name","","11697: Bhagwati Enterprises | 13355: Bhagwati Enterprises (CUSC16975947440820)"
"no_customer_match","Sritech Lipid Process Technologies Pvt Ltd.","2 customers share this name","","11644: Sritech Lipid Process Technologies Pvt Ltd. | 11719: SRI TECH LIPID PROCESS TECHNOLOGIES PVT.LTD"
"no_customer_match","Ayush Modi","no customer with this name","",""
"no_customer_match","Inovative Engineers","2 customers share this name","","12489: Inovative Engineers | 15321: Inovative Engineers (CUSC16480416438770)"
"no_customer_match","SYNDIC CONSULTING ENGINEERS & TECHNOLOGIES PVT LTD","2 customers share this name","","11783: SYNDIC CONSULTING ENGINEERS & TECHNOLOGIES PVT LTD | 13518: Syndic Consulting Engineers & Technologies Private Limited"
"no_customer_match","Ghosa Jute Trader","no customer with this name","",""
"no_customer_match","Pankaj Kumar","3 customers share this name","","11655: Pankaj Kumar | 15363: Pankaj Kumar (CUSC16451512033920) | 16281: Pankaj Kumar (CUSC16216598948340)"
"no_customer_match","Ashim Kumar Bharma","no customer with this name","",""
"no_customer_match","KHIRODO","no customer with this name","",""
"no_customer_match","Srikanth","2 customers share this name","","11917: Srikanth | 12319: SRIKANTH (CUSC17201465486930)"
"no_customer_match","M/s.Sai Nikil Pharma","no customer with this name","",""
"no_customer_match","Saha Enterprise And Engineering Nadia","similar names only","","11782: Saha engineering and enterprise"
"no_customer_match","Coastal Laboratories","2 customers share this name","","11968: Coastal Laboratories | 12017: Coastal Laboratories (CUSC17311486234210)"
"no_customer_match","Agro Industries","similar names only","","10237: KS Agro Industries | 13212: AR Agro Industries"
"no_customer_match","SPECTOMS Engineering P Ltd","similar names only","","11904: OEM SPECTOMS Engineering P Ltd"
"no_customer_match","Nagaraj","2 customers share this name","","11825: Nagaraj | 15184: Nagaraj (CUSC16551073537240)"
"no_customer_match","OMALLOY CASTING","2 customers share this name","","12155: OMALLOY CASTING | 14264: OM ALLOY CASTING"
"no_customer_match","Dorasani life sciences p ltd","2 customers share this name","","11860: Dorasani life sciences p ltd | 12253: Dorasani Life Sciences Pvt Ltd"
"no_customer_match","Aisha enterprise","no customer with this name","",""
"no_history_ever_logged","Viaxel International LLP","Pending","Objective: follow up (as of 28/09/2026)",""
"no_history_ever_logged","Tejaskhanda Nutraceuticals Pvt Ltd","Pending","Objective: have a close follow up (as of 24/09/2026)",""
"no_history_ever_logged","MOHAN FEEDS & CHEMICALS P LTD","Completed","Objective: Follow up (as of 11/09/2026)",""
"no_history_ever_logged","K.C. Engineers Limited","Pending","Objective:  (as of 05/09/2026)",""
"no_history_ever_logged","YORKAR FABRICS","Pending","Objective: FOLLOW UP (as of 05/09/2026)",""
"no_history_ever_logged","Latrile Gloves P Ltd","Completed","Objective: Offer (as of 05/08/2026)",""
"no_history_ever_logged","AJIM AKBAR ATTAR","Completed","Objective: TAKE FEED BACK (as of 05/08/2026)",""
"no_history_ever_logged","Telangana Foods","Pending","Objective: Call (as of 04/08/2026)",""
"no_history_ever_logged","Atharv Engineering & Trading","Pending","Objective: Check if he is OEM machines (as of 03/08/2026)",""
"no_history_ever_logged","NANTU","Pending","Objective: CALL (as of 03/08/2026)",""
"no_history_ever_logged","JK Enterprises","Pending","Objective: assess requriement (as of 03/08/2026)",""
"no_history_ever_logged","need for personal use","Pending","Objective: call (as of 31/07/2026)",""
"no_history_ever_logged","SENTHILKUMAR","Completed","Objective: Offer submission (as of 21/07/2026)",""
"no_history_ever_logged","Reliance","Completed","Objective: Call whether the requirement was live (as of 14/07/2026)",""
"no_history_ever_logged","Manorama Enterprises","Completed","Objective: Call whether the requirement was live (as of 14/07/2026)",""
"no_history_ever_logged","Aditya Impex","Completed","Objective: Offer submission (as of 13/07/2026)",""
"no_history_ever_logged","SRK ORGANICS PVT LTD","Pending","Objective: Call for any spares or accessories (as of 30/06/2026)",""
"no_history_ever_logged","Abhishek Kuma","Pending","Objective: He has no requirement of boiler. (as of 29/06/2026)",""
"no_history_ever_logged","PRODAPTPIONEER ENGINEERS LLP","Pending","Objective: follow up on it (as of 27/06/2026)",""
"no_history_ever_logged","RAGHAV TYRES PVT LTD","Pending","Objective: MOVE TO PO SOS WILL ATTACHED THE FINAL OFFER (as of 27/06/2026)",""
"no_history_ever_logged","AD Enterprise","Pending","Objective: Not require boiler.Computer spare busniess (as of 26/06/2026)",""
"no_history_ever_logged","S m food navabander","Completed","Objective: Call (as of 25/06/2026)",""
"no_history_ever_logged","Raj","Pending","Objective: call (as of 17/06/2026)",""
"no_history_ever_logged","Soumen","Pending","Objective: call (as of 16/06/2026)",""
"no_history_ever_logged","Innovative Blue Technologies India Private Limited","Completed","Objective: Offer submission (as of 16/06/2026)",""
"no_history_ever_logged","Shiba Shankar Mohanty","Pending","Objective: call (as of 16/06/2026)",""
"no_history_ever_logged","M/s GMFC Pvt Ltd","Pending","Objective: call (as of 16/06/2026)",""
"no_history_ever_logged","Rahul industries","Pending","Objective: get details adnmake a follow up (as of 12/06/2026)",""
"no_history_ever_logged","Filo Lifesciences Private Limited","Pending","Objective: updated inthe group follow up on it (as of 10/06/2026)",""
"no_history_ever_logged","Ashton Mombasa apparel EPZ limited","Pending","Objective: send tentitiveoffer (as of 26/05/2026)",""
"no_history_ever_logged","KAMROOP TIMBER","Pending","Objective: MOVE TO PO (as of 26/05/2026)",""
"no_history_ever_logged","Test 2","Pending","Objective: call him to take his capacity (as of 25/05/2026)",""
"no_history_ever_logged","Pilla Ganeswararao","Pending","Objective: update and make a follow up the offer (as of 15/05/2026)",""
"no_history_ever_logged","HKM CHARITABLE FOUNDATION","Pending","Objective: MOVE TO PO (as of 15/05/2026)",""
"no_history_ever_logged","Seutic Pharma Pvt Ltd","Pending","Objective: call (as of 15/05/2026)",""
"no_history_ever_logged","LAL SWEETS","Completed","Objective: call (as of 13/05/2026)",""
"no_history_ever_logged","Honour Lab Ltd","Completed","Objective: Call (as of 11/05/2026)",""
"no_history_ever_logged","Tallampally Rubbers Pvt. Ltd.","Completed","Objective: Take an update (as of 11/05/2026)",""
"no_history_ever_logged","SR INFRA MART","Pending","Objective: MOVE TO PO MAKE SOS (as of 27/04/2026)",""
"no_history_ever_logged","Biomatic","Completed","Objective: status update (as of 24/04/2026)",""
"no_history_ever_logged","Mumbai Waste Management Limited","Pending","Objective: MOVE TO PO ORDER RECED (as of 24/04/2026)",""
"no_history_ever_logged","Miriyam Narayana swamy","Pending","Objective: call (as of 08/04/2026)",""
"no_history_ever_logged","Miriyam.narayanaswamy","Pending","Objective: follow up and update (as of 31/03/2026)",""
"no_history_ever_logged","HOTEL AMBASSAD0R","Pending","Objective: Send offer with 15 % discount (as of 31/03/2026)",""
"no_history_ever_logged","AP MARKFED COOPERATIVE","Pending","Objective: Priti PLEASE SHARE THE REVISED OFFER WITH 20 % DISCOUNT ON LIST PRICE ONLY ON ITEM 1 . REST OS OK SEND TO PARTY (as of 31/03/2026)",""
"no_history_ever_logged","R B Sweets & Bakery Koratla","Pending","Objective:  (as of 30/03/2026)",""
"no_history_ever_logged","RATHNAVATH","Pending","Objective:  (as of 30/03/2026)",""
"no_history_ever_logged","Bera Fish","Pending","Objective:  (as of 30/03/2026)",""
"no_history_ever_logged","Bbaale Muhamadi","Pending","Objective:  (as of 27/03/2026)",""
"no_history_ever_logged","infotech","Pending","Objective:  (as of 27/03/2026)",""
"no_history_ever_logged","Shivam","Pending","Objective:  (as of 27/03/2026)",""
"no_history_ever_logged","Ranjan Kumar Nayak","Pending","Objective:  (as of 27/03/2026)",""
"no_history_ever_logged","Bopche Rice Mill Prop Arvind Bopchhe","Pending","Objective:  (as of 27/03/2026)",""
"no_history_ever_logged","City expert group ltd","Pending","Objective:  (as of 27/03/2026)",""
"no_history_ever_logged","Sk Enterprises","Pending","Objective:  (as of 27/03/2026)",""
"no_history_ever_logged","Kanak Durga","Pending","Objective:  (as of 27/03/2026)",""
"no_history_ever_logged","Ashok","Pending","Objective:  (as of 27/03/2026)",""
"no_history_ever_logged","Evalated Food","Pending","Objective:  (as of 27/03/2026)",""
"no_history_ever_logged","Sathupalli Engineering & Automobiles Works","Pending","Objective:  (as of 27/03/2026)",""
"no_history_ever_logged","Byahut hardware","Pending","Objective:  (as of 27/03/2026)",""
"no_history_ever_logged","Dev Kanna Builders & Contractors","Pending","Objective:  (as of 27/03/2026)",""
"no_history_ever_logged","Deriy pharm","Pending","Objective:  (as of 27/03/2026)",""
"no_history_ever_logged","CRESCENT FORMULATION","Pending","Objective: move to move (as of 24/03/2026)",""
"no_history_ever_logged","Shri Radha Krishna Enterprises","Pending","Objective:  (as of 17/03/2026)",""
"no_history_ever_logged","Visakha Milk Products India Private Limited","Pending","Objective: call we had offered Chimney offer for Hyderabad status (as of 17/03/2026)",""
"no_history_ever_logged","SWOSTI PUJAN MISTANNA BHANDAR","Pending","Objective: call (as of 16/03/2026)",""
"no_history_ever_logged","Nanak Milk Product","Pending","Objective:  (as of 16/03/2026)",""
"no_history_ever_logged","ALPHA PET EXPORTS","Pending","Objective: call if prmision reced (as of 10/03/2026)",""
"no_history_ever_logged","GANESH BANE","Pending","Objective:  (as of 28/02/2026)",""
"no_history_ever_logged","SIGNOVA CROP SCIENCES PVT LTD","Pending","Objective: call (as of 23/02/2026)",""
"no_history_ever_logged","AL RAYAN EXPORS","Pending","Objective: confirm offer receipt (as of 10/02/2026)",""
"no_history_ever_logged","Prathista industries ltd","Pending","Objective: Follow up (as of 10/02/2026)",""
"no_history_ever_logged","SRI DURGA WOOD TRADERS","Pending","Objective: Follow up. (as of 09/02/2026)",""
"no_history_ever_logged","ChemSepT Engineering Pvt Ltd","Pending","Objective:  (as of 07/02/2026)",""
"no_history_ever_logged","Abhilash","Pending","Objective: get update and send it to client an make a follow up (as of 30/01/2026)",""
"no_history_ever_logged","JAI FOODS","Pending","Objective: FOLLOW UP (as of 20/01/2026)",""
"no_history_ever_logged","Giridhari sizing n dyeing works","Pending","Objective: check if they have decided for expanssion n Boiler (as of 19/01/2026)",""
"no_history_ever_logged","PRATIK INDUSTRIES","Pending","Objective: Added products Impeller 20 Hp ID Fan // Shaft 20 Hp ID fan (as of 16/01/2026)",""
"no_history_ever_logged","Sarovar Bricks And Digvijay Agro Group","Completed","Objective: Call (as of 12/01/2026)",""
"no_history_ever_logged","Torrent Pharma Ltd","Pending","Objective: follow up its a hot offer (as of 08/01/2026)",""
"no_history_ever_logged","Sai Srinivasa Agro","Completed","Objective: Follow up regarding the offer (as of 08/01/2026)",""
"no_history_ever_logged","SIDS FARM","Pending","Objective:  (as of 07/01/2026)",""
"no_history_ever_logged","Red Cross Formulation","Completed","Objective: Call (as of 06/01/2026)",""
"no_history_ever_logged","ubic Life Sciences","Pending","Objective: call (as of 29/12/2025)",""
"no_history_ever_logged","Bharat Geo Cat","Pending","Objective: call (as of 27/12/2025)",""
"no_history_ever_logged","Sai Venkateshwara Packaging","Pending","Objective: MOVE TO PO SAME SOS 027 (as of 18/12/2025)",""
"no_history_ever_logged","Corobus Alcobevs","Pending","Objective: MOVE TO PO AS PER SOS (as of 18/12/2025)",""
"no_history_ever_logged","R K SEEDS","Pending","Objective: MOVE TO RODER (as of 18/12/2025)",""
"no_history_ever_logged","Sri Rama Agri Genetics (I) Pvt Ltd","Pending","Objective: MOVE TO PO WITH SAME SOS 029 (as of 18/12/2025)",""
"no_history_ever_logged","RENU MILK PRODUCTS","Pending","Objective:  (as of 16/12/2025)",""
"no_history_ever_logged","Bakelite Hylam Limited.","Completed","Objective: Call from another number (as of 11/12/2025)",""
"no_history_ever_logged","Vijaya Dairy - TSDDCF LTD","Pending","Objective: Call (as of 11/12/2025)",""
"no_history_ever_logged","Sri Balaji Metal Industries","Pending","Objective: follow up (as of 29/11/2025)",""
"no_history_ever_logged","Shradha Dairy","Pending","Objective:  (as of 29/11/2025)",""
"no_history_ever_logged","VAMSHI MUDAVATH","Pending","Objective:  (as of 27/11/2025)",""
"no_history_ever_logged","Morena Kirshore Kripa Cold","Pending","Objective: follow up (as of 20/11/2025)",""
"no_history_ever_logged","Sri Lakshmi Venkata Sai Rice Mill","Pending","Objective: update seniors and close the call (as of 29/10/2025)",""
"no_history_ever_logged","Brickwell","Pending","Objective: cofnirm offer receipt (as of 24/10/2025)",""
"no_history_ever_logged","Genesysbiologics pvt ltd","Pending","Objective:  (as of 21/10/2025)",""
"no_history_ever_logged","DWARAKAMAAYE ENGINEERING ASSOCIATES","Completed","Objective: call (as of 15/10/2025)",""
"no_history_ever_logged","Suman Vatika Foods Products","Completed","Objective: Call from another number (as of 22/09/2025)",""
"no_history_ever_logged","M/s. REDGIANT IMMPEX","Pending","Objective:  (as of 19/09/2025)",""
"no_history_ever_logged","PISTA HOUSE","Pending","Objective:  (as of 19/09/2025)",""
"no_history_ever_logged","Bhavyas Pharmaceuticals Pvt Ltd","Pending","Objective:  (as of 16/09/2025)",""
"no_history_ever_logged","BML GROUP & INDUSTRIES","Pending","Objective:  (as of 16/09/2025)",""
"no_history_ever_logged","BEST ENGINEERING TECHNOLOGIES","Pending","Objective: Have to send offer for SCT-GF-50-IB-V Chimney Straight - 250 x 6 Meters Ducting 250x 3 Meters Tank 1 KL PRS-NIBR-50 (as of 11/09/2025)",""
"no_history_ever_logged","Murali Consultant","Completed","Objective: take appointment (as of 09/09/2025)",""
"no_history_ever_logged","Sai Cooltech Industry","Pending","Objective:  (as of 08/09/2025)",""
"no_history_ever_logged","empire jute","Pending","Objective: Have to visit the site. (as of 04/09/2025)",""
"no_history_ever_logged","Dubey Perfumes","Pending","Objective:  (as of 28/08/2025)",""
"no_history_ever_logged","LITAN SARKAR","Pending","Objective: Have to call again (as of 28/08/2025)",""
"no_history_ever_logged","SRI KASI ANNAPURNA SEEDS","Pending","Objective:  (as of 27/08/2025)",""
"no_history_ever_logged","Kreative Organics Private Limited","Pending","Objective: PL MOVE TO PO AS PER SOS NUMBER (as of 23/08/2025)",""
"no_history_ever_logged","Laxmi Agro Tech Pvt Ltd.","Pending","Objective: MOVE TO PO AS PER SOS (as of 23/08/2025)",""
"no_history_ever_logged","Lakshmi AAC Blocks","Pending","Objective:  (as of 22/08/2025)",""
"no_history_ever_logged","Pavan Laminates Pvt Ltd","Pending","Objective:  (as of 22/08/2025)",""
"no_history_ever_logged","VISAKHA MILK PRODUCTS INDIA PRIVATE LTD","Pending","Objective:  (as of 21/08/2025)",""
"no_history_ever_logged","Ravi Gupta","Pending","Objective:  (as of 19/08/2025)",""
"no_history_ever_logged","Nirmaan Aoudhyogik Rasayan Private Limited","Pending","Objective:  (as of 19/08/2025)",""
"no_history_ever_logged","ELINAFARRM","Pending","Objective: OFFER RECEIPT (as of 19/08/2025)",""
"no_history_ever_logged","BSSNR Global Trade","Pending","Objective:  (as of 16/08/2025)",""
"no_history_ever_logged","Harita Corn Conditioning Unit","Pending","Objective: PREPARE SOS MOVE TO PO (as of 16/08/2025)",""
"no_history_ever_logged","Sri Ram Seeds","Pending","Objective: MOVE TO PO N PREPARE SOS (as of 16/08/2025)",""
"no_history_ever_logged","Coromandel Concrete Products Pvt Ltd","Pending","Objective: MOVE TO PO WITH SOS NUMBER (as of 12/08/2025)",""
"no_history_ever_logged","GBR SEEDS","Pending","Objective: plan visit (as of 12/08/2025)",""
"no_history_ever_logged","Empire Jute mill","Completed","Objective: Follow up regarding the offer (as of 07/08/2025)",""
"no_history_ever_logged","Gourmet Popcornica LLP","Pending","Objective: call fix appointment (as of 05/08/2025)",""
"no_history_ever_logged","SESHA SAI CHEMICALS","Pending","Objective: PREPARE SOS MOVE TO PO LETS MAKE SOS IN CRM ONLY . (as of 04/08/2025)",""
"no_history_ever_logged","Best Engineering Works","Pending","Objective:  (as of 26/07/2025)",""
"no_history_ever_logged","ARVAIS NATURES PRODUCTS PVT LTD","Pending","Objective:  (as of 25/07/2025)",""
"no_history_ever_logged","JAI LARA DRUGS PVT LTD","Pending","Objective: PLS DO A FOLLOW UP CALL. (as of 24/07/2025)",""
"no_history_ever_logged","Progressive Agro Products","Pending","Objective: call (as of 21/07/2025)",""
"no_history_ever_logged","Laxmi Agritech Pvt Ltd.","Pending","Objective:  (as of 18/07/2025)",""
"no_history_ever_logged","Wynn Chem Adhesives","Pending","Objective: update seniors and close the call (as of 12/07/2025)",""
"no_history_ever_logged","AL WAFI AGRI FOODS P LTD","Pending","Objective: call (as of 10/07/2025)",""
"no_history_ever_logged","Epic Crop Sciences","Pending","Objective: call (as of 08/07/2025)",""
"no_history_ever_logged","Kalki Agro Foods","Pending","Objective: call (as of 07/07/2025)",""
"no_history_ever_logged","JK LIFE CARE CENTERS","Pending","Objective: Move tp PO (as of 01/07/2025)",""
"no_history_ever_logged","ANITHA DAIRY","Pending","Objective: PLS FOLLOW UP (as of 01/07/2025)",""
"no_history_ever_logged","Dwarka Sea Foods","Pending","Objective: MOVE TO PO WITH SOS NUMBER ALREADY MADE SO IT GOES OUT FROM HERE (as of 01/07/2025)",""
"no_history_ever_logged","Oil Palm India Ltd","Pending","Objective: Move to PO (as of 01/07/2025)",""
"no_history_ever_logged","M/s Sathavahana Breeding & Hatcheries P Ltd","Pending","Objective: follow up (as of 30/06/2025)",""
"no_history_ever_logged","SS Food Products","Pending","Objective:  (as of 22/06/2025)",""
"no_history_ever_logged","OM Plywood","Pending","Objective: OFFER RECEIPT (as of 17/06/2025)",""
"no_history_ever_logged","JEBAJEYAM FLY ASH BRICK INDUSTRIES","Pending","Objective: call (as of 11/06/2025)",""
"no_history_ever_logged","National Aero Space Laboratories","Pending","Objective: UPLOAD 500 KGS IBR BOILER ELECTRODE (as of 11/06/2025)",""
"no_history_ever_logged","Mechotech","Pending","Objective:  (as of 10/06/2025)",""
"no_history_ever_logged","I-TECH EQUIPMENTS","Pending","Objective: Ask revised company name from itech direct party (as of 05/06/2025)",""
"no_history_ever_logged","Pravasha Dairy","Pending","Objective: Move to PO (as of 31/05/2025)",""
"no_history_ever_logged","HUDSON FOODS P LTD","Pending","Objective: call (as of 27/05/2025)",""
"no_history_ever_logged","METL A1 FOOD PRODUCTS","Pending","Objective: Call Moosa (as of 26/05/2025)",""
"no_history_ever_logged","FENOPLAST P.LTD","Pending","Objective: PLS CALL AND CHECK THE CAPACITY REQUIRED. (as of 24/05/2025)",""
"no_history_ever_logged","RG ECO BLOCKS","Pending","Objective: MOVE TO PO MENTIONING SOS (as of 23/05/2025)",""
"no_history_ever_logged","NIFTY LABS PVT LTD","Pending","Objective: Pl move to PO (as of 22/05/2025)",""
"no_history_ever_logged","PM FLY ASH BRICKS AND COMPANY","Pending","Objective: Please move to PO please its reflecting (as of 22/05/2025)",""
"no_history_ever_logged","Naveen","Completed","Objective: Call (as of 21/05/2025)",""
"no_history_ever_logged","BLYPIN ENTERPRISES PRIVATELIMITED","Pending","Objective: Move to PO as per Order reced (as of 19/05/2025)",""
"no_history_ever_logged","Ch Praveen","Pending","Objective: call (as of 16/05/2025)",""
"no_history_ever_logged","Padma Industries","Pending","Objective: update and close the call (as of 09/05/2025)",""
"no_history_ever_logged","Bee Jay Exports","Pending","Objective: follow up (as of 06/05/2025)",""
"no_history_ever_logged","Sagiraju S P R","Pending","Objective: check his visit (as of 19/04/2025)",""
"no_history_ever_logged","MOHAMMAD KHALEELODDIN","Pending","Objective: call (as of 18/04/2025)",""
"no_history_ever_logged","SHOBHA LIFE SCIENCES PVT LTD","Pending","Objective: MOVE TO PO (as of 17/04/2025)",""
"no_history_ever_logged","Nissi Energy Engineering Services","Pending","Objective: follow up (as of 16/04/2025)",""
"no_history_ever_logged","Power Industry","Pending","Objective: message (as of 16/04/2025)",""
"no_history_ever_logged","Mahaluxmi Rice Mill","Pending","Objective: check with other number - (as of 15/04/2025)",""
"no_history_ever_logged","Sri Ganapathy power laundry","Pending","Objective: Offer submission (as of 14/04/2025)",""
"no_history_ever_logged","VEENA RUBBER INDUSTRIES","Pending","Objective: MOVE TO PO PREPARE SOS (as of 12/04/2025)",""
"no_history_ever_logged","Harris & Menuk Chemicals Pvt Ltd","Pending","Objective: Offer submission (as of 09/04/2025)",""
"no_history_ever_logged","Sree Balaji foods","Pending","Objective: Offer submission (as of 09/04/2025)",""
"no_history_ever_logged","Pandurangaiah","Pending","Objective:  (as of 07/04/2025)",""
"no_history_ever_logged","MURALI PALANI","Completed","Objective: SEND OFFER (as of 04/04/2025)",""
"no_history_ever_logged","Eshwar Enterprises","Completed","Objective: Follow up regarding the offer (as of 03/04/2025)",""
"no_history_ever_logged","Satish Power Laundry","Completed","Objective: Call (as of 31/03/2025)",""
"no_history_ever_logged","bhuler company","Pending","Objective: Havre to call again. (as of 28/03/2025)",""
"no_history_ever_logged","KSR Modern Rice Mill","Pending","Objective: call (as of 25/03/2025)",""
"no_history_ever_logged","VV Foods","Pending","Objective: Move to PO (as of 23/03/2025)",""
"no_history_ever_logged","SRI VEEREENDAR FRUIT BARS","Pending","Objective: MOVE TO PO (as of 22/03/2025)",""
"no_history_ever_logged","Harniks India LLP","Pending","Objective: call for pyt (as of 21/03/2025)",""
"no_history_ever_logged","Javed Paneer Bhandar","Pending","Objective: Have to call him again. (as of 20/03/2025)",""
"no_history_ever_logged","Private Business","Pending","Objective:  (as of 19/03/2025)",""
"no_history_ever_logged","Nile Li-Cycle Pvt Ltd","Pending","Objective: need to send acceptance (as of 15/03/2025)",""
"no_history_ever_logged","FRUIT & VEGETABLE TECHNOLOGY DEPARTMENT","Pending","Objective: call if there is any clarificaitons on the offer (as of 13/03/2025)",""
"no_history_ever_logged","Ramanjaneya Enterprises","Pending","Objective: call (as of 13/03/2025)",""
"no_history_ever_logged","Grace Pharma","Pending","Objective: update seniors and close the call (as of 12/03/2025)",""
"no_history_ever_logged","Zeeshan Enterprises","Pending","Objective:  (as of 11/03/2025)",""
"no_history_ever_logged","A V R Agencies","Completed","Objective:  (as of 11/03/2025)",""
"no_history_ever_logged","Siddeswara","Pending","Objective: follow up (as of 07/03/2025)",""
"no_history_ever_logged","Sai Sanjus Seeds","Pending","Objective:  (as of 05/03/2025)",""
"no_history_ever_logged","KEVYS GENERICS P LTD","Completed","Objective: Send Revised Final Offer (as of 04/03/2025)",""
"no_history_ever_logged","Mb Store","Pending","Objective: In case of any future requirement I will share my card to him via Whatsapp (as of 04/03/2025)",""
"no_history_ever_logged","GROWMAX INDUSTRIES PVT LTD","Pending","Objective: Offer submission (as of 25/02/2025)",""
"no_history_ever_logged","Leo Paint And Chemicals","Pending","Objective: Offer submission (as of 25/02/2025)",""
"no_history_ever_logged","Manikanta","Pending","Objective: call (as of 24/02/2025)",""
"no_history_ever_logged","LIFE LINE SPRINGS","Pending","Objective: Send offer with with standard discount CC to AP Sales (as of 24/02/2025)",""
"no_history_ever_logged","Bikram Aditya Panda","Pending","Objective: call (as of 21/02/2025)",""
"no_history_ever_logged","Kammac Projects","Pending","Objective: SOS IN STF IBR JOB (as of 19/02/2025)",""
"no_history_ever_logged","Pax Packaging Ltd","Pending","Objective: MOVE TP PO AS PER ORER MENTION SINGLE PRODUCT BUT ORDER VALUE FULL (as of 29/01/2025)",""
"no_history_ever_logged","JLS LABORATORIES P LTD","Pending","Objective: MOVE TP PO AS PER ORDER IF NOT IN CRM ADD SINGLE PRODUCT BOILERS AND FULL ORDER VALUE (as of 29/01/2025)",""
"no_history_ever_logged","Jeeva Organics Pvt Ltd","Pending","Objective: Send final offer with 10 % discount (as of 23/01/2025)",""
"no_history_ever_logged","Jayasuryan","Completed","Objective: send catalogues (as of 20/01/2025)",""
"no_history_ever_logged","Srinivasa Industries","Completed","Objective: Take update from murthy (as of 20/01/2025)",""
"no_history_ever_logged","Buyline Industries Ltd","Pending","Objective: send Snaps (as of 15/01/2025)",""
"no_history_ever_logged","Wall Online Point(Tarun Kundu)","Pending","Objective: They need some time to finalize (as of 13/01/2025)",""
"no_history_ever_logged","Katal Bahadur","Pending","Objective:  (as of 13/01/2025)",""
"no_history_ever_logged","Priyanka Refinery Pvt. Ltd","Pending","Objective: Send techno commercial offer with 15 % discount (as of 10/01/2025)",""
"no_history_ever_logged","Dawa Ltd","Completed","Objective: if project has moved forward (as of 09/01/2025)",""
"no_history_ever_logged","A R Company","Pending","Objective: have to call again. (as of 06/01/2025)",""
"no_history_ever_logged","Das Stationery","Pending","Objective: have to call him again. (as of 06/01/2025)",""
"no_history_ever_logged","CHETAN YADAV RAMAMURTHY","Completed","Objective: Call (as of 06/01/2025)",""
"no_history_ever_logged","lalagi cordycep private limited","Pending","Objective:  (as of 03/01/2025)",""
"no_history_ever_logged","Latifi Silk Exports LLP","Pending","Objective:  (as of 03/01/2025)",""
"no_history_ever_logged","Kush","Pending","Objective: Have to call him again (as of 03/01/2025)",""
"no_history_ever_logged","COSMIC FOOD PRODUCTS","Pending","Objective: MOVE TO PO (as of 03/01/2025)",""
