order_id,name,why,candidates
"48","ENERGY SOLUTION","similar names only","AEROTECH ENERGY SOLUTION [#12881]"
"65","ASK PHARMA","similar names only","ASK PHARMA INDIA PRIVATE LIMITED [#18013]"
"70","LARA DRUGS","similar names only","JAI LARA DRUGS PVT LTD [#177] | m/s LARA DRUGS PRIVET LIMITED [#17902]"
"75","BR BOARDS","similar names only","K A BOARDS [#12164]"
"76","SARVESHWARA FOOD","similar names only","SARVESHWARA FOOD AND BEVERAGES LLP [#277]"
"77","KESHAV AGRO","similar names only","keshav agro industry [#13964]"
"84","21ST CENTURY","similar names only","21ST CENTURY TEXTILES LTD- TANZANIA [#86]"
"91","NE TRADER","similar names only","S2 Trader [#11792] | S2 Trader (2) [#18898]"
"94","PROGRESSIVE AGRO","similar names only","PROGRESSIVE AGRO INDUSTRIES [#253] | Progressive Agro Products [#12041]"
"95","ENERGY SOLUTION","similar names only","AEROTECH ENERGY SOLUTION [#12881]"
"134","MURUGAN GHEE","similar names only","SRI MURUGAN GHEE STORE [#71]"
"140","Gannon Dunkerley","similar names only","Gannon Dunkerley Co Ltd [#12679]"
"141","PARKER HANNIFIN","similar names only","PARKER HANNIFIN INDIA PVT LTD [#241] | Parker Hannifin India Private Limited [#18136]"
"161","RAGHAVE FOOD PRODUCTS","similar names only","SS Food Products [#11463]"
"170","POWERSOL INFRA","similar names only","POWERSOL INFRA SERVICES PVT LTD [#249]"
"177","ABINBEV INDIA","similar names only","ABINBEV INDIA LTD-MEDAK [#87]"
"181","ISLAND VEER","similar names only","ISLAND VEER CHEME P LTD [#46] | Island Veer Chemie Pvt.Ltd, [#11612]"
"185","TAJ ENGINEERING","similar names only","TAJ ENGINEERING WORKS [#331]"
"188","STAR FOOD","similar names only","Star Food Products [#11610]"
"201","PROGRESSIVE AGRO","similar names only","PROGRESSIVE AGRO INDUSTRIES [#253] | Progressive Agro Products [#12041]"
"208","ENAL DRUGS","2 customers share this name","Enal Drugs Private Limited [#13878] | M/s Enal Drugs Private Limited [#14623]"
"213","LARA DRUGS","similar names only","JAI LARA DRUGS PVT LTD [#177] | m/s LARA DRUGS PRIVET LIMITED [#17902]"
"229","SARVESHWARA FOOD","similar names only","SARVESHWARA FOOD AND BEVERAGES LLP [#277]"
"235","RAGHAVA LIFE","similar names only","Raghava Life Sciences Pvt Ltd [#10241]"
"238","RAGHAVA LIFE","similar names only","Raghava Life Sciences Pvt Ltd [#10241]"
"246","SHOBHA LIFE","similar names only","SHOBHA LIFE SCIENCE PVT LTD [#15089] | SHOBHA LIFE SCIENCES PVT LTD [#286]"
"247","ICON SLEEPER","similar names only","ICON SLEEPER TRACK PVT LTD [#171]"
"256","MEDICARE HOWRAH","similar names only","MEDICARE ENVIRONMENT MANAGEMENT PVT LTD-HOWRAH [#210]"
"258","MEDICARE KALYANI","similar names only","MEDICARE ENVIRONMENTAL MANAGEMENT PVT LTD - KALYANI [#213]"
"259","MEDICARE LUDHIANA","similar names only","MEDICARE ENVIRONMENT MGT P LTD - LUDHIANA [#211]"
"292","SAI STRENGTH","similar names only","Sri Sai Strength Papers Mills [#17153]"
"304","BHORI RICE MILL","similar names only","GB Rice Mill [#16359] | R K Rice Mill [#15819] | R.M. Rice Mill [#13604] | Rice Mill [#12817] | SG RICE MILL [#13493]"
"305","ENERGY SOLUTIONS","similar names only","Tc Energy Solutions [#11299]"
"314","MUSHROOM PLANTER","similar names only","Mushroom Planter And Exporter [#17708]"
"327","ABINBEV INDIA","similar names only","ABINBEV INDIA LTD-MEDAK [#87]"
"328","ABINBEV INDIA","similar names only","ABINBEV INDIA LTD-MEDAK [#87]"
"329","ABINBEV INDIA","similar names only","ABINBEV INDIA LTD-MEDAK [#87]"
"330","ABINBEV INDIA","similar names only","ABINBEV INDIA LTD-MEDAK [#87]"
"338","NSL SUGARS TUNGABHADRA","similar names only","NSL SUGARS LTD [#11640]"
"339","CREAMLINE DAIRY KARNATAKA","similar names only","CREAMLINE DAIRY [#12873]"
"363","DINSHAW'S DAIRY","similar names only","DINSHAW'S DAIRY FOODS PVT LTD [#139]"
"365","SHOBHA LIFE","similar names only","SHOBHA LIFE SCIENCE PVT LTD [#15089] | SHOBHA LIFE SCIENCES PVT LTD [#286]"
"368","AARADHYA DISPOSAL","similar names only","AARADHYA DISPOSAL INDUSTRIES PRIVATE LIMITED [#30]"
"374","ABINBEV INDIA","similar names only","ABINBEV INDIA LTD-MEDAK [#87]"
"377","MEDICARE ENVIRONMENTAL","similar names only","MEDICARE ENVIRONMENTAL MANAGEMENT PVT LTD - KALYANI [#213]"
"380","SHOBHA LIFE","similar names only","SHOBHA LIFE SCIENCE PVT LTD [#15089] | SHOBHA LIFE SCIENCES PVT LTD [#286]"
"387","SAI STRENGTH","similar names only","Sri Sai Strength Papers Mills [#17153]"
"390","GANNON DUNKERLEY","similar names only","Gannon Dunkerley Co Ltd [#12679]"
"402","SHREE SAI ENGINEERING","similar names only","SHREE SAI ENGINEERING WORKS [#16821] | SHREE SAI ENGINEERING WORKS - DEBTOR [#290]"
"406","SCIEGEN PHARMACEUTICALS","similar names only","SCIEGEN PHARMACEUTICALS INDIA PVT LTD [#64] | SCIEGEN PHARMACEUTICALS INDIA PVT LTD (CUSC16730763273530) [#14837]"
"408","ALL RICH DAIRY - DIVERT 255PRS","similar names only","ALL RICH DAIRY PVT LTD [#14705]"
"416","BAJRANG TECHNO ENGG","2 customers share this name","Bajrang Techno Engg P Ltd [#14836] | M/S Bajrang Techno Engg P Ltd [#15094]"
"420","SRI SURYA NARAYANA FOOD","similar names only","Sri Surya Food Products [#14967]"
"427","ODISHA INDUSTRIAL","similar names only","ODISHA INDUSTRIAL MONOREF PVT LTD [#238] | Odisha Industrial Monorel Pvt, Ltd [#14564]"
"433","JAI DURGA","similar names only","JAI DURGA INDUSTRY [#176] | Jai Durga Industries [#12542] | Jai Sree Durga Industries [#14049]"
"434","JAI DURGA","similar names only","JAI DURGA INDUSTRY [#176] | Jai Durga Industries [#12542] | Jai Sree Durga Industries [#14049]"
"437","ADILABAD DAIRY","similar names only","THE MANAGER, M/S. ADILABAD DAIRY, [#333]"
"439","HKA BAWA & SONS","similar names only","H.K.BAWA AND SONS [#162] | HKA Bawa [#14507]"
"444","JAYAM FOOD","similar names only","JAYAM FOOD PRODUCTS [#178]"
"445","JAYAM FOOD","similar names only","JAYAM FOOD PRODUCTS [#178]"
"446","POWERSOL INFRA","similar names only","POWERSOL INFRA SERVICES PVT LTD [#249]"
"448","ABINBEV INDIA","similar names only","ABINBEV INDIA LTD-MEDAK [#87]"
"450","AP Explossive","2 customers share this name","AP EXPLOSSIVE LTD [#9830] | AP EXPLOSSIVE LTD (2) [#18497]"
"451","ISLAND VEERCHEMIE","2 customers share this name","ISLAND VEERCHEMIE P LTD [#11115] | Island Veer Chemie Pvt.Ltd, [#11612]"
"453","ICON SLEEPER","similar names only","ICON SLEEPER TRACK PVT LTD [#171]"
"454","MEDICARE ENVIRONMENTAL","similar names only","MEDICARE ENVIRONMENTAL MANAGEMENT PVT LTD - KALYANI [#213]"
"455","MEDICARE ENVIRONMENTAL","similar names only","MEDICARE ENVIRONMENTAL MANAGEMENT PVT LTD - KALYANI [#213]"
"459","ABINBEV INDIA","similar names only","ABINBEV INDIA LTD-MEDAK [#87]"
"462","VIKRAMA INNOVATIVE","similar names only","VIKRAMA INNOVATIVE TECHNOLOGIES [#80] | VIKRAMA INNOVATIVE TECHNOLOGIES (CUSC16682526489740) [#15039] | Vikrama Innovative Technologies (CUSC17264567770420) [#12096]"
"464","MURUGAN GHEE","similar names only","SRI MURUGAN GHEE STORE [#71]"
"466","VEER CHEMIE","similar names only","Island Veer Chemie Pvt.Ltd, [#11612] | VEER CHEMIE AND AROMATICS PVT LTD [#348] | Veer-Chemie & Aromatics Private Limited [#18043]"
"471","MEDICARE ENVIRONMENTAL","similar names only","MEDICARE ENVIRONMENTAL MANAGEMENT PVT LTD - KALYANI [#213]"
"473","SRI LAKSHMI","similar names only","SRI LAKSHMI CHEMICALS [#10835] | SRI LAKSHMI SEEDS [#299] | SRI LAKSHMI VENKATESHWARA BEVERAGES [#11135] | Sri Anantha Lakshmi Rice Mill [#14933] | Sri Bhagya Lakshmi Agro Foods P. Ltd [#14297]"
"479","FERMAC BIO SF-200","similar names only","FERMAC BIO PRIVATE LTD [#14416] | FERMAC BIO PVT LTD [#147]"
"480","FERMAC BIO MF-500","similar names only","FERMAC BIO PRIVATE LTD [#14416] | FERMAC BIO PVT LTD [#147]"
"489","MEDICARE ENVIRONMENTAL","similar names only","MEDICARE ENVIRONMENTAL MANAGEMENT PVT LTD - KALYANI [#213]"
"496","SRI VENKESTHWARA RICE MILL","similar names only","GB Rice Mill [#16359] | R K Rice Mill [#15819] | R.M. Rice Mill [#13604] | Rice Mill [#12817] | SG RICE MILL [#13493]"
"499","RACS PHARMA","similar names only","RACS PHARMA CHEM INDIA PVT LTD [#257]"
"524","SATHYA SAI CHEMICALS","similar names only","SRI SATHYA SAI CHEMICALS [#303]"
"541","SRI MOUNIKA SEEDS","similar names only","Mounika Seeds [#11339]"
"542","ACCRETE PHARMACEUTICALS","2 customers share this name","ACCRETE PHARMACEUTICALS PVT LTD [#89] | M/s. Accrete Pharmaceuticals Pvt Ltd. [#15067]"
"543","SRI VIJAYA VISAKHA MILK PRODUCERS","similar names only","SRI VIJAYA VISAKHA MILK PRODUCERS COMPANY LIMITED [#310]"
"553","ASIAN BROWN","similar names only","ASIAN BROWN BLEACHCHEM P LTD [#107]"
"558","SHAKTI ENGINEERING WORKS & SER","similar names only","K.R.Engineering works [#13780] | M K ENGINEERING WORKS [#11743] | SHAKTI ENGINEERING WORKS AND SERVICES [#279]"
"568","VILASITHA FEEDS & FARMS","similar names only","VILASITHA FARMS & FEEDS [#352]"
"569","GANNON DUNKERLEY","similar names only","Gannon Dunkerley Co Ltd [#12679]"
"570","FERMAC BIO PRS","similar names only","FERMAC BIO PRIVATE LTD [#14416] | FERMAC BIO PVT LTD [#147]"
"574","FABRIQUE LAUNDROMAT","similar names only","FABRIQUE LAUNDROMAT SERVICES PVT LTD [#145]"
"584","RANSH PHARMA","2 customers share this name","RANSH PHARMA PRIVATE LTD [#258] | Ransh Pharma Pvt Ltd [#17797]"
"585","ICON SLEEPER","similar names only","ICON SLEEPER TRACK PVT LTD [#171]"
"586","TOFFLON INDIA PVT LT","similar names only","MS TOFFLON (INDIA) LTD [#218] | TOFFLON (INDIA) PRIVATE LIMITED [#335]"
"613","KAMRUP TIMBER","similar names only","KAMRUP TIMBER INDUSTRIES [#186]"
"619","SRI SURYA DEEPTHI AQUA","similar names only","SRI SURYA DEEPTHI AQUA FEEDS [#304]"
"625","CURRY KING (PRIVATE) LIMITED","similar names only","CURRY KING PVT LTD - SRI LANKA [#133]"
"627","SAI BABA OIL MILL","similar names only","J P OIL MILL [#10458]"
"629","FLOWLINE (CHINMAY APPARELS)","similar names only","Chinmay Apparels Private Limited [#15087]"
"641","BEST ENGINEERING","similar names only","BEST ENGINEERING TECHNOLOGIES [#112] | Best Engineering Works [#12051]"
"648","BOTANIC HEALTHCARE","2 customers share this name","BOTANIC HEALTH CARE PVT LTD [#115] | Botanic Healthcare p ltd [#11462]"
"649","FERMAC BIO HEADER","similar names only","FERMAC BIO PRIVATE LTD [#14416] | FERMAC BIO PVT LTD [#147]"
"650","SRI SURYA DEEPTHI AQUA","similar names only","SRI SURYA DEEPTHI AQUA FEEDS [#304]"
"651","SRI SURYA DEEPTHI AQUA","similar names only","SRI SURYA DEEPTHI AQUA FEEDS [#304]"
"653","ICON SLEEPER","similar names only","ICON SLEEPER TRACK PVT LTD [#171]"
"654","FERMAC BIO PRS","similar names only","FERMAC BIO PRIVATE LTD [#14416] | FERMAC BIO PVT LTD [#147]"
"667","KEP ENGINEERING","similar names only","KEP Engineering Services Pvt Ltd [#12345]"
"669","GANNON DUNKERLEY","similar names only","Gannon Dunkerley Co Ltd [#12679]"
"672","GK ENGINEERING","similar names only","AK Engineering Pvt Ltd [#15999] | B S Engineering [#13609] | BS Engineering (2) [#18858] | H S ENGINEERING [#10198] | H S ENGINEERING (2) [#18589]"
"677","JAI DURGA","similar names only","JAI DURGA INDUSTRY [#176] | Jai Durga Industries [#12542] | Jai Sree Durga Industries [#14049]"
"679","MARIDI BIO","similar names only","MARIDI BIO INDUSTRIES PVT LTD [#209]"
"689","NATURAL PROCESSED (MODERN FOOD)","similar names only","MODERN FOOD [#12602]"
"693","POULAMI TEA CHEST","similar names only","POULAMI TEA CHEST CORPORATION [#248]"
"714","GANNON DUNKERLEY","similar names only","Gannon Dunkerley Co Ltd [#12679]"
"720","AES THERMAL","similar names only","AES THERMAL ENGINEERING [#92]"
"723","SRI VENKATESHWARA RICE MILL","similar names only","GB Rice Mill [#16359] | R K Rice Mill [#15819] | R.M. Rice Mill [#13604] | Rice Mill [#12817] | SG RICE MILL [#13493]"
"733","NSL TEXTILES","3 customers share this name","N S L Textiles Ltd [#10314] | N S L Textiles Ltd (HYDERABAD) [#18628] | NSL TEXTILES LIMITED [#237]"
"734","NSL TEXTILES","3 customers share this name","N S L Textiles Ltd [#10314] | N S L Textiles Ltd (HYDERABAD) [#18628] | NSL TEXTILES LIMITED [#237]"
"735","BOTANIC HEALTHCARE","2 customers share this name","BOTANIC HEALTH CARE PVT LTD [#115] | Botanic Healthcare p ltd [#11462]"
"736","LINK NATURAL","similar names only","Link Natural Products Pvt. Ltd. [#200]"
"740","DEEPAK SEEDS (MOUNIKA SEEDS)","similar names only","DEEPAK SEEDS [#134] | Mounika Seeds [#11339]"
"742","WIMSEY DAIRY JOB NO CHANGES 1083","similar names only","Wimsey Dairy [#13567]"
"745","AES THERMAL","similar names only","AES THERMAL ENGINEERING [#92]"
"747","SRIVILAS HYDROTECH","2 customers share this name","SRIVILAS HYDROTECH PVT LTD [#73] | Sri Vilas Hydrotech Private Limited [#17219]"
"759","NAGARJUNA CERACHEM","2 customers share this name","Nagarjuna Cerachem (P) Ltd [#13215] | Nagarjuna Cerachem Pvt Ltd [#224]"
"768","DEEPAK SEEDS - REF MOUNIKA","similar names only","DEEPAK SEEDS [#134] | Mounika Seeds [#11339]"
"769","DEEPAK SEEDS - REF MOUNIKA","similar names only","DEEPAK SEEDS [#134] | Mounika Seeds [#11339]"
"785","M S TRADER","similar names only","S2 Trader [#11792] | S2 Trader (2) [#18898]"
"787","VENUS CHEMICALS P LTD","similar names only","VENUS CHEMICALS DRUGS PVT LTD [#349]"
"791","NSL TEXTILES BAG FILTER","similar names only","NSL TEXTILES LIMITED [#237]"
"796","NSL TEXTILES REAR WATER WALL PANEL","similar names only","NSL TEXTILES LIMITED [#237]"
"805","NSL TEXTILES REFACTORY","similar names only","NSL TEXTILES LIMITED [#237]"
"806","NSL TEXTILES REFACTORY LABOUR","similar names only","NSL TEXTILES LIMITED [#237]"
"815","M/S. 21ST CENTURY TEXTILES LTD","similar names only","21ST CENTURY TEXTILES LTD- TANZANIA [#86]"
"817","BOTANIC HEALTHCARE","2 customers share this name","BOTANIC HEALTH CARE PVT LTD [#115] | Botanic Healthcare p ltd [#11462]"
"822","BEST ENGINEERING","similar names only","BEST ENGINEERING TECHNOLOGIES [#112] | Best Engineering Works [#12051]"
"823","NSL TEXTILES FRIGHT REFACTORY","similar names only","NSL TEXTILES LIMITED [#237]"
"824","NSL TEXTILES FRIGHT REAR WATER WALL","similar names only","NSL TEXTILES LIMITED [#237]"
"826","VASUDHA PHARMA","2 customers share this name","VASUDHA PHARMA LIMITED [#18108] | Vasudha Pharma Ltd [#14917]"
"830","OIL PALM INDIA P LTD","2 customers share this name","OIL PALM INDIA LIMITED [#239] | Oil Palm India Ltd [#11966]"
"834","S Sai Sri Venkateshwara Corrugators","similar names only","Sai Venkateshwara Corrugators [#11133]"
"841","CREAMLINE DAIRY PRODUCTS","5 customers share this name","CREAMLINE DAIRY PRODUCTS LIMITED [#131] | Cream Line Dairy Products Ltd [#130] | Creamline Dairy Products Limited (CUSC16842390845680) [#14124] | Creamline Dairy Products Ltd (CUSC16773053897030) [#14569] | Creamline Dairy Products Ltd (CUSC16832870783920) [#14188]"
"846","MEDICARE ENVIRONMENTAL MANAGEMENT PRIVATE LIMITED","similar names only","MEDICARE ENVIRONMENTAL MANAGEMENT PVT LTD - KALYANI [#213]"
"856","AMBICA CASHEW","similar names only","AMBICA CASHEW PRODUCTS [#97]"
"858","AIR CO-FIN","similar names only","M/S AIR CO-FIN TUBES INDIA PVT LTD [#203]"
"860","CREAMLINE DAIRY PRODUCTS","5 customers share this name","CREAMLINE DAIRY PRODUCTS LIMITED [#131] | Cream Line Dairy Products Ltd [#130] | Creamline Dairy Products Limited (CUSC16842390845680) [#14124] | Creamline Dairy Products Ltd (CUSC16773053897030) [#14569] | Creamline Dairy Products Ltd (CUSC16832870783920) [#14188]"
"862","JEEVA ORGANICS SPL","similar names only","Jeeva Organics Pvt Ltd [#11735]"
"864","TAJ ENGINEERING","similar names only","TAJ ENGINEERING WORKS [#331]"
"870","MS TRADING","similar names only","M S TRADING COMPANY [#202] | P K TRADING COMPANY [#18143] | PK TRADING Co. [#16631]"
"877","BAGALKOT CEMENT","similar names only","BAGALKOT CEMENT & INDUSTRIES LTD [#111]"
"878","MS TRADING","similar names only","M S TRADING COMPANY [#202] | P K TRADING COMPANY [#18143] | PK TRADING Co. [#16631]"
"879","SHILPA PHARMA","similar names only","SHILPA PHARMA LIFESCIENCES LIMITED [#283] | Shilpa Pharma Lifescience Ltd. [#13019]"
"885","M AND TECH ENGINEERING","similar names only","MAS TECH THE ENGINEERING LAHORE [#14741] | Nano Tech Engineering Pvt Ltd. [#13185] | Pro Tech Engineering [#15587]"
"886","SRIVILAS HYDROTECH P LTD","2 customers share this name","SRIVILAS HYDROTECH PVT LTD [#73] | Sri Vilas Hydrotech Private Limited [#17219]"
"905","RE SUSTAINABILITY-MUMBAI WASTE MANAGEMENT LIMITED","similar names only","Mumbai Waste Management Limited [#10847]"
"914","GREEN WAY","similar names only","Green Way Technologies [#16536]"
"916","TUBES AND TRADERS","similar names only","TUBES INDIA TRADERS [#79]"
"929","PATIL INFRASTRUCTURE","similar names only","PATIL RAIL INFRASTRUCTURE P LTD [#242]"
"933","RE SUSTAINABILITY-MUMBAI WASTE MANAGEMENT LIMITED","similar names only","Mumbai Waste Management Limited [#10847]"
"935","UNITECH PAPER PVT LTD","similar names only","UNITECH PAPER MILLS P LTD [#10925]"
"938","HOTEL AMBASSADOR","similar names only","Ambassador Hotel [#15096]"
"939","HOTEL AMBASSADOR","similar names only","Ambassador Hotel [#15096]"
"943","VIJAYA PLASTICS/ SREE INDUSTRIES","similar names only","SREE INDUSTRIES [#11562]"
"946","ELITE INFRA","similar names only","Elite Infra Products [#13200]"
"950","SLV INDUSTRIES","similar names only","SLV PLYWOOD BOARD & DOOR MANUFACTURIY INDUSTRIES [#13689]"
"952","ISLAND VEERCHEMIE","2 customers share this name","ISLAND VEERCHEMIE P LTD [#11115] | Island Veer Chemie Pvt.Ltd, [#11612]"
"1024","VEER CHEMIE","similar names only","Island Veer Chemie Pvt.Ltd, [#11612] | VEER CHEMIE AND AROMATICS PVT LTD [#348] | Veer-Chemie & Aromatics Private Limited [#18043]"
"1026","FABRIQUE LAUNDROMAT","similar names only","FABRIQUE LAUNDROMAT SERVICES PVT LTD [#145]"
"1033","RE SUSTAINABILITY-HYDERABAD","similar names only","RE SUSTAINABILITY LIMITED (HYDERABAD HYDERABAD) [#11086]"
"1042","MALKHA MARKETING","similar names only","Malkha Marketing Trust [#18391]"
"1043","MALKHA MARKETING","similar names only","Malkha Marketing Trust [#18391]"
"1145","MAHA FRESH FRUIT PRODUCTS","similar names only","Maha Fresh Fruits Products [#12423]"
"1147","SREE BHARATI BIO GENERTICS","similar names only","Sree Bharati Bio Generatics Pvt. Ltd [#12203]"
"1150","SHRI GIRJA","similar names only","Shri Girja Concrete Works [#12052]"
"1154","BEST ENGINEERING","similar names only","BEST ENGINEERING TECHNOLOGIES [#112] | Best Engineering Works [#12051]"
"1166","KAMMAC PROJECTS - CF-600-17B","similar names only","KAMMAC PROJECTS [#9820]"
"1167","KAMMAC PROJECTS CF-150-15B","similar names only","KAMMAC PROJECTS [#9820]"
"1168","VIJAYA PLASTICS / SREE INDUSTRIES","similar names only","SREE INDUSTRIES [#11562]"
"1169","BLYPIN ENTERPRISES P LTD","similar names only","BLYPIN ENTERPRISES PRIVATELIMITED [#11617]"
"1172","PRAVARSHA AGRO INDUSTRIES PVT LTD","similar names only","AR Agro Industries [#13212] | KS Agro Industries [#10237]"
"1175","SREE NANDINI POLYMERS / SRI BALAJI BOARDS","similar names only","BALAJI BOARDS [#10832] | Sree Nandini Polymers [#12064]"
"1177","SRI RAMA AGRI GENETICS INDIA P LTD","similar names only","Sri Rama Agri Genetics (I) Pvt Ltd [#11471]"
"1187","SRI SAI RAM SEEDS ( SRINIVAS REDDY)","similar names only","Sri Ram Seeds [#11412] | Sri Sai Ram Seeds [#11451] | Srinivas Reddy [#16959] | Srinivas Reddy -AP [#15879]"
"1188","SRI SAI SRINIVAS SEEDS","similar names only","Sri Sai Ram Seeds [#11451]"
"1189","LAXMI AGRO TECH P LTD (LAXMI GBR SEEDS)","similar names only","GBR SEEDS [#13638] | Laxmi Agro Tech Pvt Ltd. [#11414]"
"1194","SAI RAM SEEDS - HEADER","similar names only","Sri Sai Ram Seeds [#11451]"
"1197","SAHABADI INDUSTRIES > SRI SRI SAIRAM","similar names only","SAHABADI INDUSTRIES [#11032] | Sri industries [#12530]"
"1201","AMMA RICE MILLS","similar names only","S.G.RICE MILLS [#269]"
"1204","NORMADA SECONDARY PASTING","similar names only","NORMADA SECONDARY PASTING INDUSTRY [#10887] | Normada Secondary [#363]"
"1205","NORMADA SECONDARY PASTING","similar names only","NORMADA SECONDARY PASTING INDUSTRY [#10887] | Normada Secondary [#363]"
"1214","DNS AGRO FOODS P LTD (EXCEL FOODS) (GUJARAT FOODS)","similar names only","GUJARAT FOODS [#10416] | RK Agro Foods [#15022]"
"1215","DNS AGRO FOODS P LTD (EXCEL FOODS) (GUJARAT FOODS)","similar names only","GUJARAT FOODS [#10416] | RK Agro Foods [#15022]"
"1219","SHRI GANESH RICE MILLS","similar names only","S.G.RICE MILLS [#269] | SHRI GANESH RICE MILL [#9810]"
"1220","DAYA ENGINEERING","similar names only","Daya Engineering Works Pvt. Ltd. [#10166]"
"1221","SHRI GANESH RICE MILLS","similar names only","S.G.RICE MILLS [#269] | SHRI GANESH RICE MILL [#9810]"
"1244","Vasudha Pharma","2 customers share this name","VASUDHA PHARMA LIMITED [#18108] | Vasudha Pharma Ltd [#14917]"
"1266","Green Gardern Agro Products","similar names only","Green Garden Agro Products [#18107] | M S Agro Products [#14023]"
"1267","Chemic Life","similar names only","Chemic Life Sciences [#14399]"
