kind,quotation number,customer as written,reason,possible customers (id: name),quotation date,rows in this group
"no_customer_match","SB/QTN/16323/2026-27","Viaxel International LLP","no match","","2026-09-28","1"
"no_customer_match","STF/QTN/2462/2026-27","AUROX REGEN P LTD","no match","","2026-09-26","1"
"no_customer_match","SB/QTN/16318/2026-27","Neotech Boilers Pvt Ltd","2 customers share this name","13032: Neotech Boilers | 11739: Neotech Boilers Pvt Ltd","2026-09-24","1"
"no_customer_match","SB/QTN/16310-R1-NRP/26-27","RE SUSTAINABILITY LIMITED","4 customers share this name","15139: M/s. RE Sustainability Limited | 10188: RE SUSTAINABILITY LIMITED | 11038: RE Sustainability Limited (2) | 12145: RE Sustainability Limited,","2026-09-22","1"
"no_customer_match","SB/QTN/16291/2026-27","K.C. Engineers Limited","4 customers share this name","10460: AV Engineers | 9852: K.C. Engineers Limited | 16537: KC ENGINEERS LTD | 18301: V & E Engineers","2026-09-04","1"
"no_customer_match","SB/QTN/16288/2026-27","Trikone Argo Pvt. Ltd.","no match","","2026-09-03","1"
"no_customer_match","SB/QTN/16285/2026-27-F","Creamline Dairy Products Ltd","2 customers share this name","131: CREAMLINE DAIRY PRODUCTS LIMITED | 12347: Creamline Dairy Products Ltd","2026-09-02","1"
"no_customer_match","STF/QTN/2443 F/2026-27 NRP","Neotech Boilers Pvt Ltd","2 customers share this name","13032: Neotech Boilers | 11739: Neotech Boilers Pvt Ltd","2026-09-01","1"
"no_customer_match","STF/QTN/2442 F/2026-27-NRP","Neotech Boilers Pvt Ltd","2 customers share this name","13032: Neotech Boilers | 11739: Neotech Boilers Pvt Ltd","2026-09-01","1"
"no_customer_match","STF/QTN/2423/2026-27","Iyantra Industries","2 customers share this name","174: IYANTRA INDUSTRIES | 366: Iyantra Industries","2026-08-07","1"
"no_customer_match","SB/QTN/16237/2026-27-F","RE SUSTAINABILITY LIMITED","4 customers share this name","15139: M/s. RE Sustainability Limited | 10188: RE SUSTAINABILITY LIMITED | 11038: RE Sustainability Limited (2) | 12145: RE Sustainability Limited,","2026-07-31","1"
"no_customer_match","SB/16231/2026-2027","VEERCHEMIE AND AROMATICS P LTD","no match","","2026-07-22","1"
"no_customer_match","SB/16227/2^-27","RE SUSTAINABILITY LIMITED","4 customers share this name","15139: M/s. RE Sustainability Limited | 10188: RE SUSTAINABILITY LIMITED | 11038: RE Sustainability Limited (2) | 12145: RE Sustainability Limited,","2026-07-21","1"
"no_customer_match","STF/QTN/2405/2026-27","SARVANI LABS P LTD","no match","","2026-07-20","1"
"no_customer_match","STF/QTN/16226/2026-27","H S ENGINEERING","20 customers share this name","15999: AK Engineering Pvt Ltd | 13609: B S Engineering | 11413: BS Engineering | 10198: H S ENGINEERING | 10220: HS Engineering | 10693: KS engineering | 15569: M.s. Engineering | 12398: RK Engineering | 14103: RT ENGINEERING | 11858: S N ENGINEERING | 14251: S P Engineering | 10554: S R Engineering | 14069: S V Engineering | 13481: S.N.Engineering | 12841: S2 Engineering | 13273: SD Engineering | 13210: SN ENGINEERING | 15704: SS Engineering | 11218: SV Engineering | 14609: VV ENGINEERING","2026-07-20","1"
"no_customer_match","SB/QTN/16223/2026-27","Neotech Boilers Pvt Ltd","2 customers share this name","13032: Neotech Boilers | 11739: Neotech Boilers Pvt Ltd","2026-07-14","1"
"no_customer_match","STF/QTN/2404/2026-27","Neotech Boilers Pvt Ltd","2 customers share this name","13032: Neotech Boilers | 11739: Neotech Boilers Pvt Ltd","2026-07-14","1"
"no_customer_match","STF/QTN/2302 A/2026-27","ORION CHEMICAL","no match","","2026-07-13","1"
"no_customer_match","SB/QTN/16116 B/2026-27-R1","Creamline Dairy Products Ltd","2 customers share this name","131: CREAMLINE DAIRY PRODUCTS LIMITED | 12347: Creamline Dairy Products Ltd","2026-05-16","1"
"no_customer_match","SB/QTN/16116 A/2026-27-R1","Creamline Dairy Products Ltd","2 customers share this name","131: CREAMLINE DAIRY PRODUCTS LIMITED | 12347: Creamline Dairy Products Ltd","2026-04-24","1"
"no_customer_match","SB/QTN/16109/2026-27","DHEERAJ","3 customers share this name","10831: DHEERAJ (2) | 10727: Dheeraj | 17150: Dheeraj ji","2026-04-22","1"
"no_customer_match","STF/QTN/2306-B-R1-NRP/26-27","SR INFRA MART","no match","","2026-04-16","1"
"no_customer_match","STF/QTN/2353/2026-27","Neotech Boilers Pvt Ltd","2 customers share this name","13032: Neotech Boilers | 11739: Neotech Boilers Pvt Ltd","2026-04-10","1"
"no_customer_match","STF/QTN/2258-R8-NRP-F/25-26","VB Medicare","2 customers share this name","340: V.B.MEDICARE PRIVATE LIMITED | 11271: VB Medicare","2026-04-08","1"
"no_customer_match","SB/QTN/16093/2026-27","Vijaya Dairy - TSDDCF LTD","no match","","2026-04-08","2"
"no_customer_match","SB/QTN/16086/2025-26","Etico Chemicals P Ltd","no match","","2026-04-01","1"
"no_customer_match","SB/QTN/16066/2025-26","R S ENTERPRISES","35 customers share this name","11538: A B Enterprises | 10140: A R Enterprises | 11964: A.N.I ENTERPRISES | 16185: A.R.Enterprises | 17743: Ar Enterprises | 9780: B Enterprises | 18089: J P Enterprises | 10242: JK Enterprises | 15787: JK Enterprises, | 17410: K.K. Enterprises | 17924: K.P. Enterprises | 11245: KC Enterprises | 11290: Kr Enterprises | 16146: M/s Y S R Enterprises | 16668: MR Enterprises | 10724: N K Enterprises | 13063: NN Enterprises | 13491: Om Enterprises | 10966: R S ENTERPRISES | 10999: R.S. ENTERPRISES | 13189: RD Enterprises | 12331: RK Enterprises | 17116: RN Enterprises | 13454: RV Enterprises | 10575: S R Enterprises | 16307: S R P T Enterprises | 18306: S S Enterprises | 12165: S.D. Enterprises | 17399: SA Enterprises | 11621: SR ENTERPRISES | 9958: SS Enterprises | 9725: SV Enterprises | 10906: Sk Enterprises | 12302: US ENTERPRISES | 14928: VA Enterprises","2026-03-16","1"
"no_customer_match","STF-QTN/2323-F/25-26","VIDYA HERBS PVT. LTD","2 customers share this name","16544: VIDYA HERBS PVT LTD | 11013: VIDYA HERBS PVT. LTD","2026-02-26","1"
"no_customer_match","SB/QTN/16041/2025-26","Sagar","2 customers share this name","11024: Sagar | 12146: Sagar CP","2026-02-21","1"
"no_customer_match","SB/QTN/16030/25-26-R1","RE Sustainability Limited","4 customers share this name","15139: M/s. RE Sustainability Limited | 10188: RE SUSTAINABILITY LIMITED | 11038: RE Sustainability Limited (2) | 12145: RE Sustainability Limited,","2026-02-13","1"
"no_customer_match","SB/QTN/16012-F/25-26","RANSH PHARMA PRIVATE LIMITED","2 customers share this name","258: RANSH PHARMA PRIVATE LTD | 17797: Ransh Pharma Pvt Ltd","2026-02-01","1"
"no_customer_match","SB/QTN/16001R2/2026","RE SUSTAINABILITY LIMITED","4 customers share this name","15139: M/s. RE Sustainability Limited | 10188: RE SUSTAINABILITY LIMITED | 11038: RE Sustainability Limited (2) | 12145: RE Sustainability Limited,","2026-01-30","1"
"no_customer_match","SB/QTN/15996/2025-26","Vijaya Dairy - TSDDCF LTD","no match","","2026-01-19","1"
"no_customer_match","SB/QTN/15991-F/25-26","OK PLYWOOD","5 customers share this name","17949: BP Plywood | 11132: OK PLYWOOD | 11477: OM Plywood | 17517: PK PLywood | 10216: Plywood","2026-01-15","1"
"no_customer_match","SB/QTN/15988/2025-26-F","VK DAIRY","4 customers share this name","14422: Dairy | 10130: K R DAIRY | 12314: MS Dairy | 11134: VK DAIRY","2026-01-13","1"
"no_customer_match","SB/QTN/15971/202526-F","Creamline Dairy Products Limited","2 customers share this name","131: CREAMLINE DAIRY PRODUCTS LIMITED | 12347: Creamline Dairy Products Ltd","2025-12-23","1"
"no_customer_match","SB/QTN/2291/2025-26-F","GK INDUSTRIES","25 customers share this name","88: 3F INDUSTRIES LIMITED | 14628: A R Industries | 18032: B.K.Industries | 13867: C.V.R Industries | 14257: GK INDUSTRIES | 13990: J M J Industries | 15614: J V Industries | 13362: JP Industries | 18354: K K INDUSTRIES | 13067: K.B.R INDUSTRIES | 182: K.B.R.INDUSTRIES | 15419: K.R. INDUSTRIES | 18359: KK Industries | 11872: M. S. Industries | 16899: NG Industries | 15684: Om Industries | 256: R K INDUSTRIES | 10973: R R Industries | 11315: R.K.S. Industries | 11635: RK Industries (2) | 10827: RK industries | 12238: RS Industries | 12632: S.A. Industries | 10306: S.R.P Industries | 329: T.V.R. INDUSTRIES","2025-12-19","1"
"no_customer_match","SB/QTN/15967/2025-26","TOFFLON (INDIA) PRIVATE LIMITED","2 customers share this name","218: MS TOFFLON (INDIA) LTD | 335: TOFFLON (INDIA) PRIVATE LIMITED","2025-12-17","1"
"no_customer_match","SB/QTN/15966/2025-26","Creamline Dairy Products Ltd","2 customers share this name","131: CREAMLINE DAIRY PRODUCTS LIMITED | 12347: Creamline Dairy Products Ltd","2025-12-16","1"
"no_customer_match","STF/2237A/2025-26-F-NRP","Etico Chemicals P Ltd","no match","","2025-12-04","1"
"no_customer_match","SB/QTN/15957/2025-26-R1","Pearl Beverages Ltd","2 customers share this name","243: PEARL BEVERAGES LIMITED | 13261: Pearl Beverages Ltd","2025-12-03","1"
"no_customer_match","STF/QTN/2219-B-R2-F/25-26","Iyantra Industries","2 customers share this name","174: IYANTRA INDUSTRIES | 366: Iyantra Industries","2025-11-18","1"
"no_customer_match","SBH-15925R3/2025-26","S S POULTRY P LTD","2 customers share this name","11232: S S POULTRY P LTD | 13997: SS POULTRY","2025-11-06","1"
"no_customer_match","SBH/15925R2/2025-26","S S POULTRY P LTD","2 customers share this name","11232: S S POULTRY P LTD | 13997: SS POULTRY","2025-10-29","1"
"no_customer_match","SB/QTN/15920/2025-26","SM feeds","2 customers share this name","13257: AR Feeds | 11275: SM feeds","2025-10-24","1"
"no_customer_match","SB/QTN/2264 F /2025-26-F","KC Enterprises","35 customers share this name","11538: A B Enterprises | 10140: A R Enterprises | 11964: A.N.I ENTERPRISES | 16185: A.R.Enterprises | 17743: Ar Enterprises | 9780: B Enterprises | 18089: J P Enterprises | 10242: JK Enterprises | 15787: JK Enterprises, | 17410: K.K. Enterprises | 17924: K.P. Enterprises | 11245: KC Enterprises | 11290: Kr Enterprises | 16146: M/s Y S R Enterprises | 16668: MR Enterprises | 10724: N K Enterprises | 13063: NN Enterprises | 13491: Om Enterprises | 10966: R S ENTERPRISES | 10999: R.S. ENTERPRISES | 13189: RD Enterprises | 12331: RK Enterprises | 17116: RN Enterprises | 13454: RV Enterprises | 10575: S R Enterprises | 16307: S R P T Enterprises | 18306: S S Enterprises | 12165: S.D. Enterprises | 17399: SA Enterprises | 11621: SR ENTERPRISES | 9958: SS Enterprises | 9725: SV Enterprises | 10906: Sk Enterprises | 12302: US ENTERPRISES | 14928: VA Enterprises","2025-10-23","1"
"no_customer_match","SB/QTN/15900/2025-26","M S TRADING","3 customers share this name","202: M S TRADING COMPANY | 18143: P K TRADING COMPANY | 16631: PK TRADING Co.","2025-10-07","1"
"no_customer_match","STF/QTN/2178-B/25-26","Teamech","2 customers share this name","11386: Teamech | 11469: Teamech (2)","2025-09-29","1"
"no_customer_match","STF/QTN/2246 A/2025-26","R.K.S. Industries","25 customers share this name","88: 3F INDUSTRIES LIMITED | 14628: A R Industries | 18032: B.K.Industries | 13867: C.V.R Industries | 14257: GK INDUSTRIES | 13990: J M J Industries | 15614: J V Industries | 13362: JP Industries | 18354: K K INDUSTRIES | 13067: K.B.R INDUSTRIES | 182: K.B.R.INDUSTRIES | 15419: K.R. INDUSTRIES | 18359: KK Industries | 11872: M. S. Industries | 16899: NG Industries | 15684: Om Industries | 256: R K INDUSTRIES | 10973: R R Industries | 11315: R.K.S. Industries | 11635: RK Industries (2) | 10827: RK industries | 12238: RS Industries | 12632: S.A. Industries | 10306: S.R.P Industries | 329: T.V.R. INDUSTRIES","2025-09-16","1"
"no_customer_match","STF/QTN/2246 B/2025-26","R.K.S. Industries","25 customers share this name","88: 3F INDUSTRIES LIMITED | 14628: A R Industries | 18032: B.K.Industries | 13867: C.V.R Industries | 14257: GK INDUSTRIES | 13990: J M J Industries | 15614: J V Industries | 13362: JP Industries | 18354: K K INDUSTRIES | 13067: K.B.R INDUSTRIES | 182: K.B.R.INDUSTRIES | 15419: K.R. INDUSTRIES | 18359: KK Industries | 11872: M. S. Industries | 16899: NG Industries | 15684: Om Industries | 256: R K INDUSTRIES | 10973: R R Industries | 11315: R.K.S. Industries | 11635: RK Industries (2) | 10827: RK industries | 12238: RS Industries | 12632: S.A. Industries | 10306: S.R.P Industries | 329: T.V.R. INDUSTRIES","2025-09-16","1"
"no_customer_match","SB/QTN/15870/2025-26","VV Foods","6 customers share this name","10109: A B P Foods | 15512: BS Foods Company | 16306: N H Foods | 14522: Rs Foods | 11721: SG Foods | 82: VV FOODS","2025-09-04","1"
"no_customer_match","SB/QTN/15868/2025-26","R R LABORATORIES","3 customers share this name","110: B S LABORATORIES | 11346: R R LABORATORIES | 12242: R. R. Laboratories","2025-09-03","1"
"no_customer_match","SB/QTN/15856/2025-26","R R LABORATORIES","3 customers share this name","110: B S LABORATORIES | 11346: R R LABORATORIES | 12242: R. R. Laboratories","2025-08-25","1"
"no_customer_match","SB/QTN/15841-F/25-26","Teamech","2 customers share this name","11386: Teamech | 11469: Teamech (2)","2025-08-15","1"
"no_customer_match","SB/QTN/15838/2025-26","Creamline Dairy Products Ltd","2 customers share this name","131: CREAMLINE DAIRY PRODUCTS LIMITED | 12347: Creamline Dairy Products Ltd","2025-08-12","1"
"no_customer_match","SB/QTN/15816/2025-26","Neotech Boilers Pvt Ltd","2 customers share this name","13032: Neotech Boilers | 11739: Neotech Boilers Pvt Ltd","2025-07-23","1"
"no_customer_match","SB/QTN/15815/2025-26","Neotech Boilers Pvt Ltd","2 customers share this name","13032: Neotech Boilers | 11739: Neotech Boilers Pvt Ltd","2025-07-23","1"
"no_customer_match","SB/QTN/15813/2025-26","M S TRADERS","11 customers share this name","10115: AM Traders | 16918: GB Traders | 11736: M S TRADERS | 10051: M. S. Traders | 13283: Mj Traders | 10614: R S Traders | 12081: Rk Traders | 10773: S K Traders | 14329: SK Traders | 17525: SM Traders | 9709: The HK Traders","2025-07-22","1"
"no_customer_match","SB/QTN/15794 B/2025-26-F","S S Technologies","3 customers share this name","18120: JL Technologies | 16906: JV Technologies | 11456: S S Technologies","2025-07-21","1"
"no_customer_match","STF/QTN/2204/2025-26-F","BS Engineering","20 customers share this name","15999: AK Engineering Pvt Ltd | 13609: B S Engineering | 11413: BS Engineering | 10198: H S ENGINEERING | 10220: HS Engineering | 10693: KS engineering | 15569: M.s. Engineering | 12398: RK Engineering | 14103: RT ENGINEERING | 11858: S N ENGINEERING | 14251: S P Engineering | 10554: S R Engineering | 14069: S V Engineering | 13481: S.N.Engineering | 12841: S2 Engineering | 13273: SD Engineering | 13210: SN ENGINEERING | 15704: SS Engineering | 11218: SV Engineering | 14609: VV ENGINEERING","2025-07-18","1"
"no_customer_match","SB/QTN/15804/2025-26","Neotech Boilers Pvt Ltd","2 customers share this name","13032: Neotech Boilers | 11739: Neotech Boilers Pvt Ltd","2025-07-10","1"
"no_customer_match","STF/QTN/2189/2025-26-F","Neotech Boilers Pvt Ltd","2 customers share this name","13032: Neotech Boilers | 11739: Neotech Boilers Pvt Ltd","2025-07-01","1"
"no_customer_match","SB/QTN/15789/2025-26","Ambadas Gajula","no match","","2025-06-23","1"
"no_customer_match","STF/QTN/2173/2025-26","OM Plywood","5 customers share this name","17949: BP Plywood | 11132: OK PLYWOOD | 11477: OM Plywood | 17517: PK PLywood | 10216: Plywood","2025-06-16","1"
"no_customer_match","SB/QTN/2169/2025-26-NRP","Neotech Boilers Pvt Ltd","2 customers share this name","13032: Neotech Boilers | 11739: Neotech Boilers Pvt Ltd","2025-06-12","1"
"no_customer_match","STF/QTN/2156-R2-F/2025-26","RG ECO BLOCKS","2 customers share this name","11532: RG ECO BLOCKS | 15839: Vs Eco Blocks","2025-05-24","1"
"no_customer_match","SB/QTN/15743/2025-26","Veer Chemie & Aromatics Pvt Ltd.,","2 customers share this name","348: VEER CHEMIE AND AROMATICS PVT LTD | 18043: Veer-Chemie & Aromatics Private Limited","2025-05-06","1"
"no_customer_match","SB/QTN/15054-R1-F/24-25","Oil Palm India Ltd","2 customers share this name","239: OIL PALM INDIA LIMITED | 11966: Oil Palm India Ltd","2025-04-15","1"
"no_customer_match","SB/QTN/15726 A/2025-26","Neotech Boilers Pvt Ltd","2 customers share this name","13032: Neotech Boilers | 11739: Neotech Boilers Pvt Ltd","2025-04-14","2"
"no_customer_match","SB/QTN/15726 B/2025-26","Neotech Boilers Pvt Ltd","2 customers share this name","13032: Neotech Boilers | 11739: Neotech Boilers Pvt Ltd","2025-04-14","1"
"no_customer_match","15722","Fortune Engineers","no match","","2025-04-11","1"
"no_customer_match","SB/QTN/15699 F/2024-25-R1","RK Industries","25 customers share this name","88: 3F INDUSTRIES LIMITED | 14628: A R Industries | 18032: B.K.Industries | 13867: C.V.R Industries | 14257: GK INDUSTRIES | 13990: J M J Industries | 15614: J V Industries | 13362: JP Industries | 18354: K K INDUSTRIES | 13067: K.B.R INDUSTRIES | 182: K.B.R.INDUSTRIES | 15419: K.R. INDUSTRIES | 18359: KK Industries | 11872: M. S. Industries | 16899: NG Industries | 15684: Om Industries | 256: R K INDUSTRIES | 10973: R R Industries | 11315: R.K.S. Industries | 11635: RK Industries (2) | 10827: RK industries | 12238: RS Industries | 12632: S.A. Industries | 10306: S.R.P Industries | 329: T.V.R. INDUSTRIES","2025-04-03","1"
"no_customer_match","SB/QTN/15698/2024-25","Karimnagar Dairy, The managing Director Milk Products Factroy","no match","","2025-03-19","1"
"no_customer_match","SB/QTN/14977-R1-F/24-25","VV Foods","6 customers share this name","10109: A B P Foods | 15512: BS Foods Company | 16306: N H Foods | 14522: Rs Foods | 11721: SG Foods | 82: VV FOODS","2025-03-13","1"
"no_customer_match","SB/QTN/15687 F/2024-25 D","FERMAC BIO PRIVATE LTD","2 customers share this name","14416: FERMAC BIO PRIVATE LTD | 147: FERMAC BIO PVT LTD","2025-03-10","1"
"no_customer_match","SB/QTN/15162-R3/24-25","Oil Palm India Ltd","2 customers share this name","239: OIL PALM INDIA LIMITED | 11966: Oil Palm India Ltd","2025-03-07","1"
"no_customer_match","SB/QTN/15674 F/2025","SREE FRUIT","no match","","2025-03-01","2"
"no_customer_match","SB/QTN/15163/2024-25","Mahakal Papad Udyog","no match","","2025-02-18","1"
"no_customer_match","SB/QTN/15164/2024-25","SG Foods","6 customers share this name","10109: A B P Foods | 15512: BS Foods Company | 16306: N H Foods | 14522: Rs Foods | 11721: SG Foods | 82: VV FOODS","2025-02-18","1"
"no_customer_match","SB/QTN/15162/24-25","Oil Palm India Ltd","2 customers share this name","239: OIL PALM INDIA LIMITED | 11966: Oil Palm India Ltd","2025-02-15","1"
"no_customer_match","2083","Fortune Engineers","no match","","2025-02-12","1"
"no_customer_match","STF/QTN/2081 F/2024-25-NRP-R1","Neotech Boilers Pvt Ltd","2 customers share this name","13032: Neotech Boilers | 11739: Neotech Boilers Pvt Ltd","2025-02-01","1"
"no_customer_match","SB/QTN/15129/2024-25-R2","M S TRADERS","11 customers share this name","10115: AM Traders | 16918: GB Traders | 11736: M S TRADERS | 10051: M. S. Traders | 13283: Mj Traders | 10614: R S Traders | 12081: Rk Traders | 10773: S K Traders | 14329: SK Traders | 17525: SM Traders | 9709: The HK Traders","2025-01-23","1"
"no_customer_match","SB/QTN/15130/2024-25","Kartheek","no match","","2025-01-22","1"
"no_customer_match","SB/QTN/15129/2024-25","M S TRADERS","11 customers share this name","10115: AM Traders | 16918: GB Traders | 11736: M S TRADERS | 10051: M. S. Traders | 13283: Mj Traders | 10614: R S Traders | 12081: Rk Traders | 10773: S K Traders | 14329: SK Traders | 17525: SM Traders | 9709: The HK Traders","2025-01-21","1"
"no_customer_match","SB/QTN/15126-NRP/24-25","Neotech Boilers Pvt Ltd","2 customers share this name","13032: Neotech Boilers | 11739: Neotech Boilers Pvt Ltd","2025-01-19","1"
"no_customer_match","STF/QTN/2066-NRP/24-25","Neotech Boilers Pvt Ltd","2 customers share this name","13032: Neotech Boilers | 11739: Neotech Boilers Pvt Ltd","2025-01-18","1"
"no_customer_match","STF/QTN/2064 F/2024-25","S N ENGINEERING","20 customers share this name","15999: AK Engineering Pvt Ltd | 13609: B S Engineering | 11413: BS Engineering | 10198: H S ENGINEERING | 10220: HS Engineering | 10693: KS engineering | 15569: M.s. Engineering | 12398: RK Engineering | 14103: RT ENGINEERING | 11858: S N ENGINEERING | 14251: S P Engineering | 10554: S R Engineering | 14069: S V Engineering | 13481: S.N.Engineering | 12841: S2 Engineering | 13273: SD Engineering | 13210: SN ENGINEERING | 15704: SS Engineering | 11218: SV Engineering | 14609: VV ENGINEERING","2025-01-17","1"
"no_customer_match","STF/QTN/2065 F/2024-25","S N ENGINEERING","20 customers share this name","15999: AK Engineering Pvt Ltd | 13609: B S Engineering | 11413: BS Engineering | 10198: H S ENGINEERING | 10220: HS Engineering | 10693: KS engineering | 15569: M.s. Engineering | 12398: RK Engineering | 14103: RT ENGINEERING | 11858: S N ENGINEERING | 14251: S P Engineering | 10554: S R Engineering | 14069: S V Engineering | 13481: S.N.Engineering | 12841: S2 Engineering | 13273: SD Engineering | 13210: SN ENGINEERING | 15704: SS Engineering | 11218: SV Engineering | 14609: VV ENGINEERING","2025-01-17","1"
"no_customer_match","SB/QTN/15120F/2024-25","Saha Enterprise And Engineering Nadia","no match","","2025-01-13","1"
"no_customer_match","15114B","SYNDIC CONSULTING ENGINEERS & TECHNOLOGIES PVT LTD","2 customers share this name","11783: SYNDIC CONSULTING ENGINEERS & TECHNOLOGIES PVT LTD | 13518: Syndic Consulting Engineers & Technologies Private Limited","2025-01-10","1"
"no_customer_match","STF/QTN/2059 F/2024-25","Pravasha Dairy","no match","","2025-01-07","1"
"no_customer_match","SB/QTN/15107F/2024-25","Sandeep","2 customers share this name","11857: Sandeep | 17643: Sandeep Company","2025-01-04","1"
"no_customer_match","SB/QTN/15103 F/2024-25-R1","R RAVI","4 customers share this name","16530: Ch.Ravi | 11863: R RAVI | 9793: Ravi | 11420: Ravi (2)","2025-01-01","1"
"no_customer_match","SB/QTN/15103/2024-25","R RAVI","4 customers share this name","16530: Ch.Ravi | 11863: R RAVI | 9793: Ravi | 11420: Ravi (2)","2024-12-31","1"
"no_customer_match","SB/QTN/15104/ 2024-25","R RAVI","4 customers share this name","16530: Ch.Ravi | 11863: R RAVI | 9793: Ravi | 11420: Ravi (2)","2024-12-31","1"
"no_customer_match","STF/QTN/2047 F/2024-25","Dorasani Life Sciences Pvt Ltd","2 customers share this name","12253: Dorasani Life Sciences Pvt Ltd | 11860: Dorasani life sciences p ltd","2024-12-23","1"
"no_customer_match","SB/QTN/15080/2024-25 -R2 DNP","Neotech Boilers Pvt Ltd","2 customers share this name","13032: Neotech Boilers | 11739: Neotech Boilers Pvt Ltd","2024-12-18","1"
"no_customer_match","2045-SB-SF-150","Rr Rubber","3 customers share this name","14006: K N Rubber | 11906: Rr Rubber | 18152: S V RUBBER","2024-12-12","1"
"no_customer_match","2031-Final Offer","Fortune Engineers","no match","","2024-12-11","1"
"no_customer_match","2035B","Fortune Engineers","no match","","2024-12-11","1"
"no_customer_match","15014B","M/s Vilasitha Chicken Processing Plant","2 customers share this name","12062: M/s Vilasitha Chicken Processing Plant | 11896: VILASITHA CHICKEN PROCESSING PLANT","2024-12-09","1"
"no_customer_match","STF/QTN/2039F/2024-25","Neotech Boilers Pvt Ltd","2 customers share this name","13032: Neotech Boilers | 11739: Neotech Boilers Pvt Ltd","2024-12-09","1"
"no_customer_match","SB/QTN/15083 F/2024-25","Aisha Enterprise","no match","","2024-12-09","1"
"no_customer_match","SB/QTN/15058-R1-F/24-25","Trendy Foods Pvt Ltd","no match","","2024-12-04","1"
"no_customer_match","SB/QTN/15063/24-25","Nagarjuna Cerachem (P) Ltd","2 customers share this name","13215: Nagarjuna Cerachem (P) Ltd | 224: Nagarjuna Cerachem Pvt Ltd","2024-12-02","1"
"no_customer_match","SB/QTN/15060/24-25","VANNSH LIFESCIENCES","no match","","2024-11-28","1"
"no_customer_match","SB/QTN/15055/24-25","Compass India Food Services Pvt. Ltd","2 customers share this name","12971: Compass India Food Services Pvt Ltd | 11951: Compass India Food Services Pvt. Ltd","2024-11-27","1"
"no_customer_match","SB/QTN/15057/2024-25","Neotech Boilers","2 customers share this name","13032: Neotech Boilers | 11739: Neotech Boilers Pvt Ltd","2024-11-27","1"
"no_customer_match","SB/QTN/15051-F/2024-25","Creamline Dairy Products Ltd","2 customers share this name","131: CREAMLINE DAIRY PRODUCTS LIMITED | 12347: Creamline Dairy Products Ltd","2024-11-21","1"
"no_customer_match","STF/QTN/2026 F/2024-25","KBT Enterprise","no match","","2024-11-19","1"
"no_customer_match","STF/QTN/2010-F/24-25","Mahakal Papad Udyog","no match","","2024-10-21","1"
"no_customer_match","SB/QTN/15020/24-25","Viwynpharma pvt ltd","no match","","2024-10-18","1"
"no_customer_match","15014","M/s Vilasitha Chicken Processing Plant","2 customers share this name","12062: M/s Vilasitha Chicken Processing Plant | 11896: VILASITHA CHICKEN PROCESSING PLANT","2024-10-03","2"
"no_customer_match","1095","M/s Maitree Rice mill","2 customers share this name","12072: M/s Maitree Rice mill | 12103: Maitree Rice Mill","2024-09-26","1"
"no_customer_match","SB/QTN/15007-F/24-25","Rk Traders","11 customers share this name","10115: AM Traders | 16918: GB Traders | 11736: M S TRADERS | 10051: M. S. Traders | 13283: Mj Traders | 10614: R S Traders | 12081: Rk Traders | 10773: S K Traders | 14329: SK Traders | 17525: SM Traders | 9709: The HK Traders","2024-09-23","1"
"no_customer_match","STF/QTN/1080 F/2024-25","Maitree Rice Mill","2 customers share this name","12072: M/s Maitree Rice mill | 12103: Maitree Rice Mill","2024-09-12","2"
"no_customer_match","1078","OEM SREE GANESH ERECTORS AND FABRICATORS","no match","","2024-09-10","1"
"no_customer_match","SB/QTN/14998-F/2024-25","Bera Enterprises","no match","","2024-09-09","1"
"no_customer_match","14996","RE Sustainability Limited,","4 customers share this name","15139: M/s. RE Sustainability Limited | 10188: RE SUSTAINABILITY LIMITED | 11038: RE Sustainability Limited (2) | 12145: RE Sustainability Limited,","2024-09-08","1"
"no_customer_match","1066","Flowline","no match","","2024-08-17","1"
"no_customer_match","SB/QTN/1064-A- F/2024-25","SD ENTERPRISES","35 customers share this name","11538: A B Enterprises | 10140: A R Enterprises | 11964: A.N.I ENTERPRISES | 16185: A.R.Enterprises | 17743: Ar Enterprises | 9780: B Enterprises | 18089: J P Enterprises | 10242: JK Enterprises | 15787: JK Enterprises, | 17410: K.K. Enterprises | 17924: K.P. Enterprises | 11245: KC Enterprises | 11290: Kr Enterprises | 16146: M/s Y S R Enterprises | 16668: MR Enterprises | 10724: N K Enterprises | 13063: NN Enterprises | 13491: Om Enterprises | 10966: R S ENTERPRISES | 10999: R.S. ENTERPRISES | 13189: RD Enterprises | 12331: RK Enterprises | 17116: RN Enterprises | 13454: RV Enterprises | 10575: S R Enterprises | 16307: S R P T Enterprises | 18306: S S Enterprises | 12165: S.D. Enterprises | 17399: SA Enterprises | 11621: SR ENTERPRISES | 9958: SS Enterprises | 9725: SV Enterprises | 10906: Sk Enterprises | 12302: US ENTERPRISES | 14928: VA Enterprises","2024-08-12","1"
"no_customer_match","STF/QTN/1064 B-F/2024-25","SD ENTERPRISES","35 customers share this name","11538: A B Enterprises | 10140: A R Enterprises | 11964: A.N.I ENTERPRISES | 16185: A.R.Enterprises | 17743: Ar Enterprises | 9780: B Enterprises | 18089: J P Enterprises | 10242: JK Enterprises | 15787: JK Enterprises, | 17410: K.K. Enterprises | 17924: K.P. Enterprises | 11245: KC Enterprises | 11290: Kr Enterprises | 16146: M/s Y S R Enterprises | 16668: MR Enterprises | 10724: N K Enterprises | 13063: NN Enterprises | 13491: Om Enterprises | 10966: R S ENTERPRISES | 10999: R.S. ENTERPRISES | 13189: RD Enterprises | 12331: RK Enterprises | 17116: RN Enterprises | 13454: RV Enterprises | 10575: S R Enterprises | 16307: S R P T Enterprises | 18306: S S Enterprises | 12165: S.D. Enterprises | 17399: SA Enterprises | 11621: SR ENTERPRISES | 9958: SS Enterprises | 9725: SV Enterprises | 10906: Sk Enterprises | 12302: US ENTERPRISES | 14928: VA Enterprises","2024-08-12","1"
"no_customer_match","14836R3","Vera Life Sciences","no match","","2024-08-09","1"
"no_customer_match","14981B","Flowline","no match","","2024-07-30","1"
"no_customer_match","14981","Flowline","no match","","2024-07-26","1"
"no_customer_match","STF/QTN/1050-F/24-25","Escalate India","no match","","2024-07-23","2"
"no_customer_match","14836R2","Vera Life Sciences","no match","","2024-07-25","1"
"no_customer_match","14980B","Nile Li-Cycle Pvt Ltd","2 customers share this name","57: NILE LI CYCLE PVT LTD | 12614: Nile Li-Cycle Pvt Ltd","2024-07-20","1"
"no_customer_match","1048","M/s Nagarjuna Cerachem (P) Ltd","2 customers share this name","13215: Nagarjuna Cerachem (P) Ltd | 224: Nagarjuna Cerachem Pvt Ltd","2024-07-19","1"
"no_customer_match","14973","Nile Li-Cycle Pvt Ltd","2 customers share this name","57: NILE LI CYCLE PVT LTD | 12614: Nile Li-Cycle Pvt Ltd","2024-07-18","1"
"no_customer_match","14836R1","Vera Life Sciences","no match","","2024-07-18","1"
"no_customer_match","STF/QTN/1044-F/24-25","RS Industries","25 customers share this name","88: 3F INDUSTRIES LIMITED | 14628: A R Industries | 18032: B.K.Industries | 13867: C.V.R Industries | 14257: GK INDUSTRIES | 13990: J M J Industries | 15614: J V Industries | 13362: JP Industries | 18354: K K INDUSTRIES | 13067: K.B.R INDUSTRIES | 182: K.B.R.INDUSTRIES | 15419: K.R. INDUSTRIES | 18359: KK Industries | 11872: M. S. Industries | 16899: NG Industries | 15684: Om Industries | 256: R K INDUSTRIES | 10973: R R Industries | 11315: R.K.S. Industries | 11635: RK Industries (2) | 10827: RK industries | 12238: RS Industries | 12632: S.A. Industries | 10306: S.R.P Industries | 329: T.V.R. INDUSTRIES","2024-07-18","1"
"no_customer_match","SB/QTN/14963/24-25","Neotech Boilers Pvt Ltd","2 customers share this name","13032: Neotech Boilers | 11739: Neotech Boilers Pvt Ltd","2024-07-16","1"
"no_customer_match","STF/QTN/1039/24-25","US ENTERPRISES","35 customers share this name","11538: A B Enterprises | 10140: A R Enterprises | 11964: A.N.I ENTERPRISES | 16185: A.R.Enterprises | 17743: Ar Enterprises | 9780: B Enterprises | 18089: J P Enterprises | 10242: JK Enterprises | 15787: JK Enterprises, | 17410: K.K. Enterprises | 17924: K.P. Enterprises | 11245: KC Enterprises | 11290: Kr Enterprises | 16146: M/s Y S R Enterprises | 16668: MR Enterprises | 10724: N K Enterprises | 13063: NN Enterprises | 13491: Om Enterprises | 10966: R S ENTERPRISES | 10999: R.S. ENTERPRISES | 13189: RD Enterprises | 12331: RK Enterprises | 17116: RN Enterprises | 13454: RV Enterprises | 10575: S R Enterprises | 16307: S R P T Enterprises | 18306: S S Enterprises | 12165: S.D. Enterprises | 17399: SA Enterprises | 11621: SR ENTERPRISES | 9958: SS Enterprises | 9725: SV Enterprises | 10906: Sk Enterprises | 12302: US ENTERPRISES | 14928: VA Enterprises","2024-07-08","1"
"no_customer_match","SB/QTN/14953-F/24-25","Srinivasa Farms Pvt. Ltd","2 customers share this name","16773: Srinivasa Farms Private Limited | 12499: Srinivasa Farms Pvt. Ltd","2024-07-08","1"
"no_customer_match","SB/QTN/14946/24-25","KEP Engineering Services Pvt Ltd","2 customers share this name","12345: KEP Engineering Services Pvt Ltd | 13171: KEP Engineering Services Pvt.Ltd","2024-07-03","1"
"no_customer_match","SB/QTN/14948-F/24-25","Creamline Dairy Products Ltd","2 customers share this name","131: CREAMLINE DAIRY PRODUCTS LIMITED | 12347: Creamline Dairy Products Ltd","2024-07-02","1"
"no_customer_match","SB/QTN/14921/24-25","Son Mark Food Private Limited","no match","","2024-06-22","1"
"no_customer_match","SB/QTN/14917/24-25","Subbu Milk Products","no match","","2024-06-19","1"
"no_customer_match","SB/QTN/14887 R1/24-25","JP CRETE AAC Block","no match","","2024-06-07","1"
"no_customer_match","STF/QTN/1014 R1/24-25","JP CRETE AAC Block","no match","","2024-06-07","1"
"no_customer_match","SB/QTN/14902-R1-F/24-25","Srinivasa Farms Pvt. Ltd","2 customers share this name","16773: Srinivasa Farms Private Limited | 12499: Srinivasa Farms Pvt. Ltd","2024-06-07","1"
"no_customer_match","SB/QTN/14897 /24-25","Anapurna Traders (Noodles)","no match","","2024-06-04","1"
"no_customer_match","SB/QTN/14889/24-25","Jinkushal Agrotech Rice","no match","","2024-06-01","1"
"no_customer_match","STF/QTN/1014/24-25","JP CRETE AAC Block","no match","","2024-06-01","1"
"no_customer_match","STF/QTN/1015/24-25","Jinkushal Agrotech Rice","no match","","2024-06-01","1"
"no_customer_match","14868","Flowline","no match","","2024-05-24","1"
"no_customer_match","SB/QTN/14863/24-25","KEP Engineering Services Pvt.Ltd.","2 customers share this name","12345: KEP Engineering Services Pvt Ltd | 13171: KEP Engineering Services Pvt.Ltd","2024-05-23","1"
"no_customer_match","SB/QTN/14488 R1/23-24","AR Feeds","2 customers share this name","13257: AR Feeds | 11275: SM feeds","2024-05-22","1"
"no_customer_match","SB/QTN/14849/24-25","Husk Global","no match","","2024-05-20","1"
"no_customer_match","SB/QTN/14836/24-25","Vera Life Sciences","no match","","2024-05-15","1"
"no_customer_match","SB/QTN/14816/24-25","Nisarg Bio","no match","","2024-05-14","1"
"no_customer_match","SB/QTN/14818R6/24-25","Ashim Kumar Bharma","no match","","2024-05-04","1"
"no_customer_match","SB/QUO/14816-F/24-25","Nisarg Bio","no match","","2024-05-02","1"
"no_customer_match","SB/QTN/14810A /24-25","S.A. Industries","25 customers share this name","88: 3F INDUSTRIES LIMITED | 14628: A R Industries | 18032: B.K.Industries | 13867: C.V.R Industries | 14257: GK INDUSTRIES | 13990: J M J Industries | 15614: J V Industries | 13362: JP Industries | 18354: K K INDUSTRIES | 13067: K.B.R INDUSTRIES | 182: K.B.R.INDUSTRIES | 15419: K.R. INDUSTRIES | 18359: KK Industries | 11872: M. S. Industries | 16899: NG Industries | 15684: Om Industries | 256: R K INDUSTRIES | 10973: R R Industries | 11315: R.K.S. Industries | 11635: RK Industries (2) | 10827: RK industries | 12238: RS Industries | 12632: S.A. Industries | 10306: S.R.P Industries | 329: T.V.R. INDUSTRIES","2024-05-02","1"
"no_customer_match","S A V EXPERT -SBH-SF-300-17B-14509C-24-25","Flowline","no match","","2024-04-27","1"
"no_customer_match","SB/QTN/14743-CP-R2-F/24-25","Vijay Foundation","no match","","2024-04-22","1"
"no_customer_match","SB/QTN/14733-C/24-25","Neotech Boilers Pvt Ltd","2 customers share this name","13032: Neotech Boilers | 11739: Neotech Boilers Pvt Ltd","2024-04-14","1"
"no_customer_match","SB/QTN/14761/24-25","Wise Owl Beverages Pvt Ltd","no match","","2024-04-10","2"
"no_customer_match","14607B-Commercial Offer","M/s EKTA Engineers","2 customers share this name","18096: Ekta Engineers | 12904: M/s EKTA Engineers","2024-03-30","1"
"no_customer_match","SB/QTN/14740/23-24","S2 Engineering","20 customers share this name","15999: AK Engineering Pvt Ltd | 13609: B S Engineering | 11413: BS Engineering | 10198: H S ENGINEERING | 10220: HS Engineering | 10693: KS engineering | 15569: M.s. Engineering | 12398: RK Engineering | 14103: RT ENGINEERING | 11858: S N ENGINEERING | 14251: S P Engineering | 10554: S R Engineering | 14069: S V Engineering | 13481: S.N.Engineering | 12841: S2 Engineering | 13273: SD Engineering | 13210: SN ENGINEERING | 15704: SS Engineering | 11218: SV Engineering | 14609: VV ENGINEERING","2024-03-28","1"
"no_customer_match","SB/QTN/14741-F /24-25","NEOTECH BOILERS PRIVATE LIMITED","2 customers share this name","13032: Neotech Boilers | 11739: Neotech Boilers Pvt Ltd","2024-03-28","1"
"no_customer_match","14607A-CUM","M/s EKTA Engineers","2 customers share this name","18096: Ekta Engineers | 12904: M/s EKTA Engineers","2024-03-09","1"
"no_customer_match","14698A","M/s ADITYA ENGINEERING","2 customers share this name","12922: M/s ADITYA ENGINEERING | 16447: aditya engineering","2024-03-01","1"
"no_customer_match","14698B-COMMERCIAL","M/s ADITYA ENGINEERING","2 customers share this name","12922: M/s ADITYA ENGINEERING | 16447: aditya engineering","2024-03-01","1"
"no_customer_match","SB/QTN/14659/23-24","Compass India Food Services Pvt Ltd","2 customers share this name","12971: Compass India Food Services Pvt Ltd | 11951: Compass India Food Services Pvt. Ltd","2024-02-08","1"
"no_customer_match","SB/QTN/14513/23-24","M/s.Nosch Labs Private Limited (100% EOU)","no match","","2024-01-29","2"
"no_customer_match","SB/QTN/14640 R2/23-24","FARMICO COMMODITIES PVT LTD","no match","","2024-01-25","1"
"no_customer_match","SB/QTN/14629/23-24","Neotech Boilers","2 customers share this name","13032: Neotech Boilers | 11739: Neotech Boilers Pvt Ltd","2024-01-20","1"
"no_customer_match","SB/QTN/14626/23-24","Orissa Concrete and Allied Industries Ltd","no match","","2024-01-19","1"
"no_customer_match","SB/QTN/14620/23-24","FARMICO COMMODITIES PVT LTD","no match","","2024-01-17","1"
"no_customer_match","SB/QTN/14608/23-24","Bhavani Seeds Pvt Ltd","no match","","2024-01-11","2"
"no_customer_match","SB/QTN/13730 R2/22-23","Vajraasi Pharama Pvt Ltd","no match","","2024-01-08","2"
"no_customer_match","SB/QTN /14612-F/23-24","NN Enterprises","35 customers share this name","11538: A B Enterprises | 10140: A R Enterprises | 11964: A.N.I ENTERPRISES | 16185: A.R.Enterprises | 17743: Ar Enterprises | 9780: B Enterprises | 18089: J P Enterprises | 10242: JK Enterprises | 15787: JK Enterprises, | 17410: K.K. Enterprises | 17924: K.P. Enterprises | 11245: KC Enterprises | 11290: Kr Enterprises | 16146: M/s Y S R Enterprises | 16668: MR Enterprises | 10724: N K Enterprises | 13063: NN Enterprises | 13491: Om Enterprises | 10966: R S ENTERPRISES | 10999: R.S. ENTERPRISES | 13189: RD Enterprises | 12331: RK Enterprises | 17116: RN Enterprises | 13454: RV Enterprises | 10575: S R Enterprises | 16307: S R P T Enterprises | 18306: S S Enterprises | 12165: S.D. Enterprises | 17399: SA Enterprises | 11621: SR ENTERPRISES | 9958: SS Enterprises | 9725: SV Enterprises | 10906: Sk Enterprises | 12302: US ENTERPRISES | 14928: VA Enterprises","2024-01-11","1"
"no_customer_match","SB/QTN/14605R1 F/23-24","K.B.R INDUSTRIES","25 customers share this name","88: 3F INDUSTRIES LIMITED | 14628: A R Industries | 18032: B.K.Industries | 13867: C.V.R Industries | 14257: GK INDUSTRIES | 13990: J M J Industries | 15614: J V Industries | 13362: JP Industries | 18354: K K INDUSTRIES | 13067: K.B.R INDUSTRIES | 182: K.B.R.INDUSTRIES | 15419: K.R. INDUSTRIES | 18359: KK Industries | 11872: M. S. Industries | 16899: NG Industries | 15684: Om Industries | 256: R K INDUSTRIES | 10973: R R Industries | 11315: R.K.S. Industries | 11635: RK Industries (2) | 10827: RK industries | 12238: RS Industries | 12632: S.A. Industries | 10306: S.R.P Industries | 329: T.V.R. INDUSTRIES","2024-01-10","1"
"no_customer_match","SB/QTN/14589/23-24","Jindal Naturecure Institute","no match","","2024-01-01","1"
"no_customer_match","SB/QTN/14581/23-24","Standard Reagents Pvt. Ltd.","2 customers share this name","17199: Standard Reagents Private Limited | 12516: Standard Reagents Pvt. Ltd.","2023-12-30","1"
"no_customer_match","SB/QTN/14432-R2-F/23-24","Krishna AAC Block Industry","no match","","2023-12-25","1"
"no_customer_match","SB/QTN/CP 14523/23-24","Abhishek","2 customers share this name","10156: Abhishek | 17494: Abhishek ji","2023-12-01","1"
"no_customer_match","SB/QTN/14434 F/23-24","RANSH PHARMA PRIVATE LIMITED","2 customers share this name","258: RANSH PHARMA PRIVATE LTD | 17797: Ransh Pharma Pvt Ltd","2023-12-01","1"
"no_customer_match","SB/QTN/14506/23-24","AR Agro Industries","2 customers share this name","13212: AR Agro Industries | 10237: KS Agro Industries","2023-11-25","1"
"no_customer_match","SB/QTN/14505/23-24","SN ENGINEERING","20 customers share this name","15999: AK Engineering Pvt Ltd | 13609: B S Engineering | 11413: BS Engineering | 10198: H S ENGINEERING | 10220: HS Engineering | 10693: KS engineering | 15569: M.s. Engineering | 12398: RK Engineering | 14103: RT ENGINEERING | 11858: S N ENGINEERING | 14251: S P Engineering | 10554: S R Engineering | 14069: S V Engineering | 13481: S.N.Engineering | 12841: S2 Engineering | 13273: SD Engineering | 13210: SN ENGINEERING | 15704: SS Engineering | 11218: SV Engineering | 14609: VV ENGINEERING","2023-11-25","1"
"no_customer_match","SB/QTN/14484/23-24","Sri Mallikarjuna Chemicals Pvt. Ltd","2 customers share this name","300: SRI MALLIKARJUNA CHEMICALS PVT LTD | 13634: Sri Mallikarjuna Chemicals","2023-11-13","2"
"no_customer_match","SB/QTN/14488/23-24","AR Feeds","2 customers share this name","13257: AR Feeds | 11275: SM feeds","2023-11-14","1"
"no_customer_match","SB/QTN/14309-R3-F/23-24","DHANSHREE PACKAING","no match","","2023-11-07","1"
"no_customer_match","SB/QTN/14467/23-24","SG RICE MILL","5 customers share this name","16359: GB Rice Mill | 15819: R K Rice Mill | 13604: R.M. Rice Mill | 12817: Rice Mill | 13493: SG RICE MILL","2023-11-02","1"
"no_customer_match","SB/QTN/14435/23-24","Sangam Dairy","no match","","2023-10-21","1"
"no_customer_match","SB/QTN/14422/2324","RR Soura Shakti Pvt. Ltd","2 customers share this name","13286: R R Soura Shakti Private Limited | 13360: RR Soura Shakti Pvt. Ltd","2023-10-18","1"
"no_customer_match","SB/QTN/14413/23-24/CP","JP Industries","25 customers share this name","88: 3F INDUSTRIES LIMITED | 14628: A R Industries | 18032: B.K.Industries | 13867: C.V.R Industries | 14257: GK INDUSTRIES | 13990: J M J Industries | 15614: J V Industries | 13362: JP Industries | 18354: K K INDUSTRIES | 13067: K.B.R INDUSTRIES | 182: K.B.R.INDUSTRIES | 15419: K.R. INDUSTRIES | 18359: KK Industries | 11872: M. S. Industries | 16899: NG Industries | 15684: Om Industries | 256: R K INDUSTRIES | 10973: R R Industries | 11315: R.K.S. Industries | 11635: RK Industries (2) | 10827: RK industries | 12238: RS Industries | 12632: S.A. Industries | 10306: S.R.P Industries | 329: T.V.R. INDUSTRIES","2023-10-11","1"
"no_customer_match","SB/QTN/14408/23-24","Saishreya Products Pvt. Ltd","no match","","2023-10-07","1"
"no_customer_match","SB/QTN/14387/23-24","BUYER","4 customers share this name","9819: BUYER | 10265: BUYER (2) | 10779: BUYER (3) | 11606: Buyer (4)","2023-09-29","1"
"no_customer_match","SB/QTN/14377/23-24","Om Enterprises","35 customers share this name","11538: A B Enterprises | 10140: A R Enterprises | 11964: A.N.I ENTERPRISES | 16185: A.R.Enterprises | 17743: Ar Enterprises | 9780: B Enterprises | 18089: J P Enterprises | 10242: JK Enterprises | 15787: JK Enterprises, | 17410: K.K. Enterprises | 17924: K.P. Enterprises | 11245: KC Enterprises | 11290: Kr Enterprises | 16146: M/s Y S R Enterprises | 16668: MR Enterprises | 10724: N K Enterprises | 13063: NN Enterprises | 13491: Om Enterprises | 10966: R S ENTERPRISES | 10999: R.S. ENTERPRISES | 13189: RD Enterprises | 12331: RK Enterprises | 17116: RN Enterprises | 13454: RV Enterprises | 10575: S R Enterprises | 16307: S R P T Enterprises | 18306: S S Enterprises | 12165: S.D. Enterprises | 17399: SA Enterprises | 11621: SR ENTERPRISES | 9958: SS Enterprises | 9725: SV Enterprises | 10906: Sk Enterprises | 12302: US ENTERPRISES | 14928: VA Enterprises","2023-09-26","1"
"no_customer_match","SB/QTN/14362/23-24","SG RICE MILL","5 customers share this name","16359: GB Rice Mill | 15819: R K Rice Mill | 13604: R.M. Rice Mill | 12817: Rice Mill | 13493: SG RICE MILL","2023-09-19","1"
"no_customer_match","SB/QTN/14353 B/23-24","AKSHATA TRADE LINKS","no match","","2023-09-14","1"
"no_customer_match","SB/QTN/14353/23-24","AKSHATA TRADE LINKS","no match","","2023-09-14","1"
"no_customer_match","SB/QTN/14309/23-24","DHANSHREE PACKAING","no match","","2023-08-22","2"
"no_customer_match","14323A","M/s. MYTHRRI GLOBAL SILICATE","2 customers share this name","13594: M/s. MYTHRRI GLOBAL SILICATE | 12874: Mythrri Global Silicate","2023-09-01","1"
"no_customer_match","SB/QTN/14310/23-24","Sri Mallikarjuna Chemicals","2 customers share this name","300: SRI MALLIKARJUNA CHEMICALS PVT LTD | 13634: Sri Mallikarjuna Chemicals","2023-08-23","1"
"no_customer_match","SB/QTN/14287/23-24","RANSH PHARMA PRIVATE LIMITED","2 customers share this name","258: RANSH PHARMA PRIVATE LTD | 17797: Ransh Pharma Pvt Ltd","2023-08-10","1"
"no_customer_match","14269R1","OEM Nispra Management","no match","","2023-08-10","1"
"no_customer_match","SB/QTN/13621 A /23-24","Accrete Pharmaceuticals Pvt Ltd","2 customers share this name","89: ACCRETE PHARMACEUTICALS PVT LTD | 15067: M/s. Accrete Pharmaceuticals Pvt Ltd.","2023-08-08","1"
"no_customer_match","14269","OEM Nispra Management","no match","","2023-08-01","1"
"no_customer_match","SB/QTN/14216-BK-F/23-24","S & S Enterprises","35 customers share this name","11538: A B Enterprises | 10140: A R Enterprises | 11964: A.N.I ENTERPRISES | 16185: A.R.Enterprises | 17743: Ar Enterprises | 9780: B Enterprises | 18089: J P Enterprises | 10242: JK Enterprises | 15787: JK Enterprises, | 17410: K.K. Enterprises | 17924: K.P. Enterprises | 11245: KC Enterprises | 11290: Kr Enterprises | 16146: M/s Y S R Enterprises | 16668: MR Enterprises | 10724: N K Enterprises | 13063: NN Enterprises | 13491: Om Enterprises | 10966: R S ENTERPRISES | 10999: R.S. ENTERPRISES | 13189: RD Enterprises | 12331: RK Enterprises | 17116: RN Enterprises | 13454: RV Enterprises | 10575: S R Enterprises | 16307: S R P T Enterprises | 18306: S S Enterprises | 12165: S.D. Enterprises | 17399: SA Enterprises | 11621: SR ENTERPRISES | 9958: SS Enterprises | 9725: SV Enterprises | 10906: Sk Enterprises | 12302: US ENTERPRISES | 14928: VA Enterprises","2023-07-28","1"
"no_customer_match","14247","Parker Hannifin India Pvt. Ltd","2 customers share this name","241: PARKER HANNIFIN INDIA PVT LTD | 18136: Parker Hannifin India Private Limited","2023-07-26","1"
"no_customer_match","SB/QTN/14217/23-24","JM Prasad","2 customers share this name","13843: JM Prasad | 15532: Prasad","2023-07-14","2"
"no_customer_match","SB/QTN/14216-R2-F/23-24","S & S Enterprises","35 customers share this name","11538: A B Enterprises | 10140: A R Enterprises | 11964: A.N.I ENTERPRISES | 16185: A.R.Enterprises | 17743: Ar Enterprises | 9780: B Enterprises | 18089: J P Enterprises | 10242: JK Enterprises | 15787: JK Enterprises, | 17410: K.K. Enterprises | 17924: K.P. Enterprises | 11245: KC Enterprises | 11290: Kr Enterprises | 16146: M/s Y S R Enterprises | 16668: MR Enterprises | 10724: N K Enterprises | 13063: NN Enterprises | 13491: Om Enterprises | 10966: R S ENTERPRISES | 10999: R.S. ENTERPRISES | 13189: RD Enterprises | 12331: RK Enterprises | 17116: RN Enterprises | 13454: RV Enterprises | 10575: S R Enterprises | 16307: S R P T Enterprises | 18306: S S Enterprises | 12165: S.D. Enterprises | 17399: SA Enterprises | 11621: SR ENTERPRISES | 9958: SS Enterprises | 9725: SV Enterprises | 10906: Sk Enterprises | 12302: US ENTERPRISES | 14928: VA Enterprises","2023-07-13","1"
"no_customer_match","SB/QTN/14208/23-24","Enal Drugs Private Limited","2 customers share this name","13878: Enal Drugs Private Limited | 14623: M/s Enal Drugs Private Limited","2023-07-08","2"
"no_customer_match","SB/QTN/14196/23-24","K N Rubber","3 customers share this name","14006: K N Rubber | 11906: Rr Rubber | 18152: S V RUBBER","2023-07-03","2"
"no_customer_match","13797B","M/s. Canva Bio","2 customers share this name","14753: M/S CANVA BIO | 13883: M/s. Canva Bio","2023-07-03","1"
"no_customer_match","14137B","M/s .Solvent Distillation","2 customers share this name","13982: M/s .Solvent Distillation | 17693: SG Solvent Distillation","2023-06-26","1"
"no_customer_match","SB/QTN/14155/23-24","LV Prasad Pre Fan Constructions","no match","","2023-06-22","1"
"no_customer_match","SB/QTN/13893/23-24","Rs Foods","6 customers share this name","10109: A B P Foods | 15512: BS Foods Company | 16306: N H Foods | 14522: Rs Foods | 11721: SG Foods | 82: VV FOODS","2023-06-22","1"
"no_customer_match","SB/QTN/14155/23-224","LV Prasad Pre Fan Constructions","no match","","2023-06-17","1"
"no_customer_match","SB/QTN/14145/23-24","Shree Jaya Laboratories (P) Ltd.,","2 customers share this name","16966: Shree Jaya Laboratories (P) Ltd | 14838: Shree Jaya Laboratories (P) Ltd.,","2023-06-16","1"
"no_customer_match","14137-Commercial","M/s .Solvent Distillation","2 customers share this name","13982: M/s .Solvent Distillation | 17693: SG Solvent Distillation","2023-06-15","1"
"no_customer_match","SB/QTN/14126/23-24","SS POULTRY","2 customers share this name","11232: S S POULTRY P LTD | 13997: SS POULTRY","2023-06-09","1"
"no_customer_match","SB/QTN/13757-R1 /23-24","NEOTECH BOILERS PRIVATE LIMITED","2 customers share this name","13032: Neotech Boilers | 11739: Neotech Boilers Pvt Ltd","2023-05-30","1"
"no_customer_match","13979C-BOP-AF600","Sailaja Foods","no match","","2023-05-23","1"
"no_customer_match","SB/QTN/14083 B/22-23","Sri Srithik Dairy Products Pvt Ltd","2 customers share this name","14107: Sri Srithik Dairy Products Private Limited | 14087: Sri Srithik Dairy Products Pvt Ltd","2023-05-22","1"
"no_customer_match","SB/QTN/14083/22-23","Sri Srithik Dairy Products Pvt Ltd","2 customers share this name","14107: Sri Srithik Dairy Products Private Limited | 14087: Sri Srithik Dairy Products Pvt Ltd","2023-05-22","1"
"no_customer_match","SB/QTN/14080/23-24","VB Medicare private limited","2 customers share this name","340: V.B.MEDICARE PRIVATE LIMITED | 11271: VB Medicare","2023-05-19","1"
"no_customer_match","SB/QTN/14072/22-23","Creamline Dairy Products Limited","2 customers share this name","131: CREAMLINE DAIRY PRODUCTS LIMITED | 12347: Creamline Dairy Products Ltd","2023-05-17","1"
"no_customer_match","SB/QTN/14062/22-23","RANSH PHARMA PRIVATE LIMITED","2 customers share this name","258: RANSH PHARMA PRIVATE LTD | 17797: Ransh Pharma Pvt Ltd","2023-05-15","1"
"no_customer_match","14055A","M/s. Blue Hawk Life Sciences Pvt Ltd","no match","","2023-05-12","1"
"no_customer_match","14055B","M/s. Blue Hawk Life Sciences Pvt Ltd","no match","","2023-05-12","1"
"no_customer_match","SB/QTN/14031/22-23","Veer Chemie & Aromatics Pvt Ltd.,","2 customers share this name","348: VEER CHEMIE AND AROMATICS PVT LTD | 18043: Veer-Chemie & Aromatics Private Limited","2023-05-09","1"
"no_customer_match","14030","Creamline Dairy Products Ltd","2 customers share this name","131: CREAMLINE DAIRY PRODUCTS LIMITED | 12347: Creamline Dairy Products Ltd","2023-05-07","1"
"no_customer_match","SB/QTN/14018/22-23","National Plywood & Veneer","no match","","2023-05-04","1"
"no_customer_match","13915D","FERMAC BIO PRIVATE LTD","2 customers share this name","14416: FERMAC BIO PRIVATE LTD | 147: FERMAC BIO PVT LTD","2023-04-24","1"
"no_customer_match","1315C-Final Cum Offer","FERMAC BIO PRIVATE LTD","2 customers share this name","14416: FERMAC BIO PRIVATE LTD | 147: FERMAC BIO PVT LTD","2023-04-19","1"
"no_customer_match","SB/QTN/13907-R1/22-23","Vidya Herbs Pvt. Ltd","2 customers share this name","16544: VIDYA HERBS PVT LTD | 11013: VIDYA HERBS PVT. LTD","2023-04-18","1"
"no_customer_match","13915A-R1 Final Offer","FERMAC BIO PRIVATE LTD","2 customers share this name","14416: FERMAC BIO PRIVATE LTD | 147: FERMAC BIO PVT LTD","2023-04-15","1"
"no_customer_match","13915C-Commercial Offer","FERMAC BIO PRIVATE LTD","2 customers share this name","14416: FERMAC BIO PRIVATE LTD | 147: FERMAC BIO PVT LTD","2023-04-13","1"
"no_customer_match","SB/QTN/13920/22-23","Shivshambhu Dudh Sang","no match","","2023-04-11","1"
"no_customer_match","SB/QTN/13954/22-23","SK Traders","11 customers share this name","10115: AM Traders | 16918: GB Traders | 11736: M S TRADERS | 10051: M. S. Traders | 13283: Mj Traders | 10614: R S Traders | 12081: Rk Traders | 10773: S K Traders | 14329: SK Traders | 17525: SM Traders | 9709: The HK Traders","2023-04-07","1"
"no_customer_match","915B-COMMERCIAL","FERMAC BIO PRIVATE LTD","2 customers share this name","14416: FERMAC BIO PRIVATE LTD | 147: FERMAC BIO PVT LTD","2023-03-24","1"
"no_customer_match","13915A-COMMERCIAL","FERMAC BIO PRIVATE LTD","2 customers share this name","14416: FERMAC BIO PRIVATE LTD | 147: FERMAC BIO PVT LTD","2023-03-24","1"
"no_customer_match","SB/QTN/13893/22-23","Rs Foods","6 customers share this name","10109: A B P Foods | 15512: BS Foods Company | 16306: N H Foods | 14522: Rs Foods | 11721: SG Foods | 82: VV FOODS","2023-03-16","1"
"no_customer_match","SB/QTN/13700A R1-F/22-23","SRI VENKATESHWAR LIGHT WEIGHT BRICKS","no match","","2023-02-13","2"
"no_customer_match","SB/QTN/13861/22-23","SRI ALLURI SEETHA RAMARAJU EDUCATION SOCIETY","no match","","2023-03-04","1"
"no_customer_match","SB/QTN/13818-D-R2/22-23","GANPATI ALKALIES AND CHEMICALS PRIVATE LIMITED","no match","","2023-03-02","1"
"no_customer_match","SB/QTN/13818D-R1-F/22-23","GANPATI ALKALIES AND CHEMICALS PRIVATE LIMITED","no match","","2023-02-25","1"
"no_customer_match","SB/QTN/13700A R2-F/22-23","SRI VENKATESHWAR LIGHT WEIGHT BRICKS","no match","","2023-02-22","1"
"no_customer_match","SB/QTN/13818C/22-23","GANPATI ALKALIES AND CHEMICALS PRIVATE LIMITED","no match","","2023-02-13","2"
"no_customer_match","SB/QTN/13818E/22-23","GANPATI ALKALIES AND CHEMICALS PRIVATE LIMITED","no match","","2023-02-20","1"
"no_customer_match","SB/QTN/13818D/22-23","GANPATI ALKALIES AND CHEMICALS PRIVATE LIMITED","no match","","2023-02-17","2"
"no_customer_match","13782B","M/s Enal Drugs Private Limited","2 customers share this name","13878: Enal Drugs Private Limited | 14623: M/s Enal Drugs Private Limited","2023-02-18","1"
"no_customer_match","SB/QTN/13757C /22-23","NEOTECH BOILERS PRIVATE LIMITED","2 customers share this name","13032: Neotech Boilers | 11739: Neotech Boilers Pvt Ltd","2023-02-15","1"
"no_customer_match","SB/QTN/13841/22-23","S V Oil & Chemical Industries","no match","","2023-02-15","1"
"no_customer_match","SB/QTN/13790-B-R1-F/22-23","Bajrang Techno Engg P Ltd","2 customers share this name","14836: Bajrang Techno Engg P Ltd | 15094: M/S Bajrang Techno Engg P Ltd","2023-02-13","1"
"no_customer_match","SB/QTN/13818/22-23","GANPATI ALKALIES AND CHEMICALS PRIVATE LIMITED","no match","","2023-02-08","1"
"no_customer_match","SB/QTN/13818 B/22-23","GANPATI ALKALIES AND CHEMICALS PRIVATE LIMITED","no match","","2023-02-08","1"
"no_customer_match","SB/QTN/13790-B-F/22-23","Bajrang Techno Engg P Ltd","2 customers share this name","14836: Bajrang Techno Engg P Ltd | 15094: M/S Bajrang Techno Engg P Ltd","2023-01-31","1"
"no_customer_match","13797","M/S CANVA BIO","2 customers share this name","14753: M/S CANVA BIO | 13883: M/s. Canva Bio","2023-01-28","1"
"no_customer_match","SB/QTN/13793/22-23","INDIAN DAIRY EQUIPMENTS & FABRICATORS","2 customers share this name","14765: INDIAN DAIRY EQUIPMENTS & FABRICATORS | 10905: Indian Dairy Equipments and Fabricators","2023-01-25","1"
"no_customer_match","SB/QTN/13794/22-23","Tabisco Enterprises","2 customers share this name","14764: Tabisco Enterprises | 14821: tabisco enterprises ltd","2023-01-25","1"
"no_customer_match","SB/QTN/13790-F/22-23","Bajrang Techno Engg P Ltd","2 customers share this name","14836: Bajrang Techno Engg P Ltd | 15094: M/S Bajrang Techno Engg P Ltd","2023-01-24","1"
"no_customer_match","SB/QTN/13792/22-23","Kuber Polymers","2 customers share this name","14769: Kuber Polymers | 14337: M/S KUBER POLYMERS","2023-01-24","1"
"no_customer_match","SB/QTN/13680-C-R1-F/22-23","Wall Pixel Pvt. Ltd","no match","","2023-01-21","1"
"no_customer_match","SB/QTN/13783B/22-23","MKM WOOD INDUSTRIAL","no match","","2023-01-20","1"
"no_customer_match","SB/QTN/13783 A/22-23","MKM WOOD INDUSTRIAL","no match","","2023-01-20","1"
"no_customer_match","SB/QTN/13773B/22-23","Prakrti Products (P) Ltd","no match","","2023-01-18","1"
"no_customer_match","SB/QTN/13680-C/22-23","Wall Pixel Pvt. Ltd","no match","","2023-01-18","1"
"no_customer_match","SB/QTN/13773/22-23","Prakrti Products (P) Ltd","no match","","2023-01-17","1"
"no_customer_match","SB/QTN/13778/22-23","Veer Chemie & Aromatics Pvt Ltd.,","2 customers share this name","348: VEER CHEMIE AND AROMATICS PVT LTD | 18043: Veer-Chemie & Aromatics Private Limited","2023-01-12","1"
"no_customer_match","SB/QTN/13757B R1 /22-23","NEOTECH BOILERS PRIVATE LIMITED","2 customers share this name","13032: Neotech Boilers | 11739: Neotech Boilers Pvt Ltd","2023-01-11","1"
"no_customer_match","13741R2","Vasudha Pharma Ltd","2 customers share this name","18108: VASUDHA PHARMA LIMITED | 14917: Vasudha Pharma Ltd","2023-01-06","2"
"no_customer_match","SB/QTN/13768/22-23","Shree Jaya Laboratories (P) Ltd.,","2 customers share this name","16966: Shree Jaya Laboratories (P) Ltd | 14838: Shree Jaya Laboratories (P) Ltd.,","2023-01-07","1"
"no_customer_match","SB/QTN/12961-B/22-23","Bajrang Techno Engg P Ltd","2 customers share this name","14836: Bajrang Techno Engg P Ltd | 15094: M/S Bajrang Techno Engg P Ltd","2023-01-07","1"
"no_customer_match","SB/QTN/13766/22-23","Re Sustainability Limited","4 customers share this name","15139: M/s. RE Sustainability Limited | 10188: RE SUSTAINABILITY LIMITED | 11038: RE Sustainability Limited (2) | 12145: RE Sustainability Limited,","2023-01-06","1"
"no_customer_match","SB/QTN/13757B /22-23","NEOTECH BOILERS PRIVATE LIMITED","2 customers share this name","13032: Neotech Boilers | 11739: Neotech Boilers Pvt Ltd","2023-01-04","1"
"no_customer_match","SB/QTN/13756/22-23","NEOTECH BOILERS PRIVATE LIMITED","2 customers share this name","13032: Neotech Boilers | 11739: Neotech Boilers Pvt Ltd","2022-12-30","1"
"no_customer_match","SB/QTN/13748-CO/22-23","Mahabir Bajarang Agro Chemicals","no match","","2022-12-28","1"
"no_customer_match","SB/QTN/13746-F/22-23","Thermo Tech Services","no match","","2022-12-27","1"
"no_customer_match","SB/QTN/13730 R1/22-23","Vajraasi Pharama Pvt Ltd","no match","","2022-12-24","1"
"no_customer_match","13741R1","Vasudha Pharma Ltd","2 customers share this name","18108: VASUDHA PHARMA LIMITED | 14917: Vasudha Pharma Ltd","2022-12-23","1"
"no_customer_match","SB/QTN/13741/22-23","Vasudha Pharma Ltd","2 customers share this name","18108: VASUDHA PHARMA LIMITED | 14917: Vasudha Pharma Ltd","2022-12-22","2"
"no_customer_match","SB/QTN/13739-R1-F/22-23","SS Engineering","20 customers share this name","15999: AK Engineering Pvt Ltd | 13609: B S Engineering | 11413: BS Engineering | 10198: H S ENGINEERING | 10220: HS Engineering | 10693: KS engineering | 15569: M.s. Engineering | 12398: RK Engineering | 14103: RT ENGINEERING | 11858: S N ENGINEERING | 14251: S P Engineering | 10554: S R Engineering | 14069: S V Engineering | 13481: S.N.Engineering | 12841: S2 Engineering | 13273: SD Engineering | 13210: SN ENGINEERING | 15704: SS Engineering | 11218: SV Engineering | 14609: VV ENGINEERING","2022-12-22","1"
"no_customer_match","SB/QTN/13739/22-23","SS Engineering","20 customers share this name","15999: AK Engineering Pvt Ltd | 13609: B S Engineering | 11413: BS Engineering | 10198: H S ENGINEERING | 10220: HS Engineering | 10693: KS engineering | 15569: M.s. Engineering | 12398: RK Engineering | 14103: RT ENGINEERING | 11858: S N ENGINEERING | 14251: S P Engineering | 10554: S R Engineering | 14069: S V Engineering | 13481: S.N.Engineering | 12841: S2 Engineering | 13273: SD Engineering | 13210: SN ENGINEERING | 15704: SS Engineering | 11218: SV Engineering | 14609: VV ENGINEERING","2022-12-21","1"
"no_customer_match","SB/13739/21-22","M/S.NCL INDUSTRIES LTD.","2 customers share this name","14920: M/S.NCL INDUSTRIES LTD. | 16965: NCL INDUSTRIES LIMITED","2022-12-20","1"
"no_customer_match","SB/QTN/13680-B-F/22-23","Wall Pixel Pvt. Ltd","no match","","2022-12-19","1"
"no_customer_match","SB/QTN/13717/22-23","Ransh Pharma Private Limited","2 customers share this name","258: RANSH PHARMA PRIVATE LTD | 17797: Ransh Pharma Pvt Ltd","2022-12-06","1"
"no_customer_match","SB/QTN/13714/22-23","K. C. Engineers Limited,","4 customers share this name","10460: AV Engineers | 9852: K.C. Engineers Limited | 16537: KC ENGINEERS LTD | 18301: V & E Engineers","2022-12-03","2"
"no_customer_match","SB/QTN/13707-CO-F","Chandan ji","2 customers share this name","13418: Chandan | 14973: Chandan ji","2022-11-30","1"
"no_customer_match","SB/QTN/13704 R1/22-23","K. C. Engineers Limited,","4 customers share this name","10460: AV Engineers | 9852: K.C. Engineers Limited | 16537: KC ENGINEERS LTD | 18301: V & E Engineers","2022-11-30","1"
"no_customer_match","SB/QTN/13704/22-23","K. C. Engineers Limited,","4 customers share this name","10460: AV Engineers | 9852: K.C. Engineers Limited | 16537: KC ENGINEERS LTD | 18301: V & E Engineers","2022-11-29","1"
"no_customer_match","SB/QTN/13705/22-23","Vital Syntheticlabs Pvt. Ltd. Unit-I","no match","","2022-11-29","1"
"no_customer_match","SB/QTN/13700A/22-23","SRI VENKATESHWAR LIGHT WEIGHT BRICKS","no match","","2022-11-25","2"
"no_customer_match","13621C","M/s. Accrete Pharmaceuticals Pvt Ltd.","2 customers share this name","89: ACCRETE PHARMACEUTICALS PVT LTD | 15067: M/s. Accrete Pharmaceuticals Pvt Ltd.","2022-10-29","1"
"no_customer_match","SB/13621A/22","M/s. Accrete Pharmaceuticals Pvt Ltd.","2 customers share this name","89: ACCRETE PHARMACEUTICALS PVT LTD | 15067: M/s. Accrete Pharmaceuticals Pvt Ltd.","2022-10-28","1"
"no_customer_match","13621B","M/s. Accrete Pharmaceuticals Pvt Ltd.","2 customers share this name","89: ACCRETE PHARMACEUTICALS PVT LTD | 15067: M/s. Accrete Pharmaceuticals Pvt Ltd.","2022-10-28","1"
"no_customer_match","13621A","M/s. Accrete Pharmaceuticals Pvt Ltd.","2 customers share this name","89: ACCRETE PHARMACEUTICALS PVT LTD | 15067: M/s. Accrete Pharmaceuticals Pvt Ltd.","2022-10-26","1"
"no_customer_match","SB/QTN/13618-CO/22-23","Iyantra Industries","2 customers share this name","174: IYANTRA INDUSTRIES | 366: Iyantra Industries","2022-10-21","1"
"no_customer_match","SB/QTN/13604-C-R1-F","PHA INDUSTRIES P. LTD","no match","","2022-10-13","1"
"no_customer_match","13605A","M/s. Blue Hawk Life Sciences Pvt Ltd","no match","","2022-10-10","3"
"no_customer_match","SB/QTN/13605A/22-23","M/s. Blue Hawk Life Sciences Pvt Ltd","no match","","2022-10-10","1"
"no_customer_match","13595B","Creamline Dairy Products Ltd","2 customers share this name","131: CREAMLINE DAIRY PRODUCTS LIMITED | 12347: Creamline Dairy Products Ltd","2022-10-03","1"
"no_customer_match","SB/QTN/12961-R2/22-23","M/S Bajrang Techno Engg P Ltd","2 customers share this name","14836: Bajrang Techno Engg P Ltd | 15094: M/S Bajrang Techno Engg P Ltd","2022-09-23","2"
"no_customer_match","SB/QTN/13570 A/22-23","Rudra Labs","2 customers share this name","15103: M/s. Rudra Labs | 15102: Rudra labs","2022-09-16","2"
"no_customer_match","SB/QTN/13571 B/22-23","Rudra Labs","2 customers share this name","15103: M/s. Rudra Labs | 15102: Rudra labs","2022-09-16","1"
"no_customer_match","SB/QTN/13571/22-23","Rudra Labs","2 customers share this name","15103: M/s. Rudra Labs | 15102: Rudra labs","2022-09-16","1"
"no_customer_match","13571A","M/s. Rudra Labs","2 customers share this name","15103: M/s. Rudra Labs | 15102: Rudra labs","2022-09-15","2"
"excluded_no_quotation_number","","R Satendra Yadav","no quotation number","","2026-09-28","1"
"excluded_no_quotation_number","","Tejaskhanda Nutraceuticals Pvt Ltd","no quotation number","","2026-09-20","1"
"excluded_test_junk_customer_name","SB/QTN/TEST","TEST - PUJAN","test/junk customer name","","2026-09-14","1"
"excluded_same_quotation_number_used_by_a_different_customer","SB/QTN/16268/2026-27","Spanex Fibertech Private Limited","same quotation number used by a different customer","","2026-08-21","1"
"excluded_same_quotation_number_used_by_a_different_customer","SB/QTN/16268/2026-27","Ovobel Foods Limited","same quotation number used by a different customer","","2026-08-19","1"
"excluded_no_quotation_number","","HUZAIF Khan","no quotation number","","2026-06-10","1"
"excluded_same_quotation_number_used_by_a_different_customer","SB/QTN/16135/2026-27","Dwarka Sea Foods","same quotation number used by a different customer","","2026-05-08","1"
"excluded_same_quotation_number_used_by_a_different_customer","SB/QTN/16135/2026-27","I TECH EQUIPMENTS","same quotation number used by a different customer","","2026-05-08","1"
"excluded_no_quotation_number","","Premier Explosive Ltd","no quotation number","","2026-04-21","1"
"excluded_same_quotation_number_used_by_a_different_customer","SB/QTN/16076-F/25-26","Tallampally Rubbers Pvt. Ltd.","same quotation number used by a different customer","","2026-03-24","1"
"excluded_same_quotation_number_used_by_a_different_customer","SB/QTN/16076-F/25-26","TWC Services","same quotation number used by a different customer","","2026-03-20","1"
"excluded_no_quotation_number","","Mformillet Foods Private Limited","no quotation number","","2026-01-16","1"
"excluded_no_quotation_number","","Akash Plywood","no quotation number","","2026-01-15","1"
"excluded_no_quotation_number","","SINTREX PHARMA P LTD","no quotation number","","2025-10-09","1"
"excluded_no_quotation_number","","Mahathi Infra Services Pvt Ltd","no quotation number","","2025-09-27","1"
"excluded_same_quotation_number_used_by_a_different_customer","SB/QTN/15826/2025-26","Verdant Agro","same quotation number used by a different customer","","2025-08-04","1"
"excluded_same_quotation_number_used_by_a_different_customer","SB/QTN/15826/2025-26","VERDANT PHARMA PVT LTD.","same quotation number used by a different customer","","2025-07-30","1"
"excluded_no_quotation_number","","test123","no quotation number","","2025-07-01","1"
"excluded_no_quotation_number","","HUDSON FOODS P LTD","no quotation number","","2025-06-18","1"
"excluded_no_quotation_number","","Sri Yaganti Ped Ramaiah Agros","no quotation number","","2025-06-12","1"
"excluded_same_quotation_number_used_by_a_different_customer","SB/QTN/15777-F/2024-25","RHICONEX SOLUTIONS","same quotation number used by a different customer","","2025-06-12","1"
"excluded_same_quotation_number_used_by_a_different_customer","SB/QTN/15777-F/2024-25","GM Agro & Beverages (I) Pvt Ltd","same quotation number used by a different customer","","2025-06-11","1"
"excluded_no_quotation_number","","SREE INDUSTRIES","no quotation number","","2025-04-19","1"
"excluded_no_quotation_number","","Coromandel Concrete Products Pvt Ltd","no quotation number","","2025-04-17","1"
"excluded_no_quotation_number","","Coromandel Concrete Products Pvt Ltd","no quotation number","","2025-04-17","1"
"excluded_no_quotation_number","","Bhalkeswar Sugars","no quotation number","","2025-04-17","1"
"excluded_no_quotation_number","","Bhalkeswar Sugars","no quotation number","","2025-04-17","1"
"excluded_no_quotation_number","","Coromandel Concrete Products Pvt Ltd","no quotation number","","2025-04-17","1"
"excluded_no_quotation_number","","Coromandel Concrete Products Pvt Ltd","no quotation number","","2025-04-17","1"
"excluded_no_quotation_number","","PM FLY ASH BRICKS AND COMPANY","no quotation number","","2025-04-04","1"
"excluded_no_quotation_number","","Zihwa foods pvt ltd","no quotation number","","2025-04-04","1"
"excluded_no_quotation_number","","Granary Agro LLP","no quotation number","","2025-03-20","1"
"excluded_no_quotation_number","","Hubert Healthcare Pvt. Ltd.","no quotation number","","2025-03-08","1"
"excluded_no_quotation_number","","Kanwaria Chemical","no quotation number","","2025-03-07","1"
"excluded_same_quotation_number_used_by_a_different_customer","SB/QTN/15667 F/2024-25","Sri Ganapathy power laundry","same quotation number used by a different customer","","2025-03-03","1"
"excluded_no_quotation_number","","Power Sol Infrastructure Pvt Ltd","no quotation number","","2025-02-28","1"
"excluded_same_quotation_number_used_by_a_different_customer","SB/QTN/15667 F/2024-25","LIFE LINE SPRINGS","same quotation number used by a different customer","","2025-02-24","1"
"excluded_no_quotation_number","","Samasti Foods","no quotation number","","2025-02-23","1"
"excluded_no_quotation_number","","JK LIFE CARE CENTERS","no quotation number","","2025-02-23","1"
"excluded_no_quotation_number","","Samasti Foods","no quotation number","","2025-02-23","1"
"excluded_no_quotation_number","","Murthy Engineering Works","no quotation number","","2025-02-01","1"
"excluded_no_quotation_number","","Sai Venkateshwara Packaging","no quotation number","","2025-01-29","1"
"excluded_no_quotation_number","","Ultralite AAC Blocks","no quotation number","","2025-01-25","1"
"excluded_same_quotation_number_used_by_a_different_customer","STF/QTN/2069/2024-25-NRP","NEOTECH ENERGY SYSTEMS PVT LTD","same quotation number used by a different customer","","2025-01-20","1"
"excluded_same_quotation_number_used_by_a_different_customer","STF/QTN/2069/2024-25-NRP","Neotech Boilers Pvt Ltd","same quotation number used by a different customer","","2025-01-20","1"
"excluded_same_quotation_number_used_by_a_different_customer","SB/QTN/15121/2024-25","M K ENGINEERING WORKS","same quotation number used by a different customer","","2025-01-16","1"
"excluded_same_quotation_number_used_by_a_different_customer","SB/QTN/15121/2024-25","SHARVANI LIFESCIENCES PVT LTD","same quotation number used by a different customer","","2025-01-16","1"
"excluded_no_quotation_number","","Brahma Enterprise","no quotation number","","2025-01-14","1"
"excluded_no_quotation_number","","UBL AGRO PRODUCTS","no quotation number","","2025-01-09","1"
"excluded_test_junk_customer_name","","Test","test/junk customer name","","2025-01-08","1"
"excluded_test_junk_customer_name","","Test","test/junk customer name","","2025-01-08","1"
"excluded_test_junk_customer_name","","Test","test/junk customer name","","2025-01-08","1"
"excluded_test_junk_customer_name","","Test","test/junk customer name","","2025-01-08","1"
"excluded_test_junk_customer_name","","Test","test/junk customer name","","2025-01-08","1"
"excluded_no_quotation_number","","Oil Palm India Ltd","no quotation number","","2024-12-24","1"
"excluded_no_quotation_number","","Dorasani Life Sciences Pvt Ltd","no quotation number","","2024-12-22","1"
"excluded_no_quotation_number","","Oxygenta Pharmaceutical Ltd","no quotation number","","2024-12-18","1"
"excluded_no_quotation_number","","Hygenus Bioceutical Pvt Ltd","no quotation number","","2024-12-06","1"
"excluded_no_quotation_number","","Sri Sai Ram Packaging","no quotation number","","2024-11-30","1"
"excluded_no_quotation_number","","Healthy Honest Foods Pvt. Ltd.","no quotation number","","2024-11-28","1"
"excluded_no_quotation_number","","Ideal Detonators","no quotation number","","2024-11-14","1"
"excluded_no_quotation_number","","Healthy Honest Foods Pvt. Ltd.","no quotation number","","2024-11-11","1"
"excluded_no_quotation_number","","JLS LABORATORIES P LTD","no quotation number","","2024-11-05","1"
"excluded_no_quotation_number","","Sri Sai Ram Packaging","no quotation number","","2024-09-23","1"
"excluded_same_quotation_number_used_by_a_different_customer","15002","OEM SREE GANESH ERECTORS AND FABRICATORS","same quotation number used by a different customer","","2024-09-17","1"
"excluded_same_quotation_number_used_by_a_different_customer","15000","Flowline","same quotation number used by a different customer","","2024-09-10","1"
"excluded_no_quotation_number","","Ram Kowshik Malayanur","no quotation number","","2024-09-04","1"
"excluded_no_quotation_number","","chakra chem life science pvt ltd","no quotation number","","2024-08-16","1"
"excluded_same_quotation_number_used_by_a_different_customer","15000","M/s Sarvodaya","same quotation number used by a different customer","","2024-08-08","1"
"excluded_same_quotation_number_used_by_a_different_customer","15002","M/s Sathavahana Breeding & Hatcheries P Ltd","same quotation number used by a different customer","","2024-08-08","1"
"excluded_no_quotation_number","","DEEPAK NITRITE LIMITED","no quotation number","","2024-07-29","1"
"excluded_same_quotation_number_used_by_a_different_customer","STF/QTN/1056-F/24-25","Shiv Ganga Namkeen","same quotation number used by a different customer","","2024-07-27","1"
"excluded_no_quotation_number","","RAITABANDHU AHHARODYAM PVT LTD","no quotation number","","2024-07-26","1"
"excluded_same_quotation_number_used_by_a_different_customer","STF/QTN/1056-F/24-25","Dheeraj Kumar Dua","same quotation number used by a different customer","","2024-07-26","1"
"excluded_no_quotation_number","","Scoat Pharma Private Limited","no quotation number","","2024-07-19","1"
"excluded_same_quotation_number_used_by_a_different_customer","STF/QTN/1038-F/24-25","US ENTERPRISES","same quotation number used by a different customer","","2024-07-08","1"
"excluded_same_quotation_number_used_by_a_different_customer","STF/QTN/1038-F/24-25","Sri Aparna Group of Industries","same quotation number used by a different customer","","2024-07-02","1"
"excluded_test_junk_customer_name","","Test","test/junk customer name","","2024-06-17","1"
"excluded_test_junk_customer_name","","Test","test/junk customer name","","2024-06-17","1"
"excluded_test_junk_customer_name","SB/QTN/14000-F/24-25","Test","test/junk customer name","","2024-06-15","1"
"excluded_no_quotation_number","","Mahalaxmi Industries","no quotation number","","2024-06-11","1"
"excluded_no_quotation_number","","Vikash Kumar, Harshbardhan","no quotation number","","2024-06-11","1"
"excluded_same_quotation_number_used_by_a_different_customer","SB/QTN/14277A /23-24","Sri Lakshmi Narasimha soaps and oil manufactures","same quotation number used by a different customer","","2024-05-31","1"
"excluded_no_quotation_number","","Biomatic","no quotation number","","2024-05-24","1"
"excluded_test_junk_customer_name","","TEST","test/junk customer name","","2024-05-20","1"
"excluded_no_quotation_number","","MODERN FOOD","no quotation number","","2024-05-20","1"
"excluded_no_quotation_number","","Project Perfect Engineering Works","no quotation number","","2024-05-14","1"
"excluded_same_quotation_number_used_by_a_different_customer","SB/QTN/14833/24-25","Mahalaxmi Suppliers","same quotation number used by a different customer","","2024-05-14","1"
"excluded_same_quotation_number_used_by_a_different_customer","SB/QTN/14833/24-25","Ravikumar Waywal","same quotation number used by a different customer","","2024-05-14","1"
"excluded_no_quotation_number","","Mahalaxmi Plywood Pvt Ltd","no quotation number","","2024-04-11","1"
"excluded_no_quotation_number","","Leeladevi Agro Pvt. Ltd.","no quotation number","","2024-04-06","1"
"excluded_no_quotation_number","","Sri Developers","no quotation number","","2024-03-09","1"
"excluded_no_quotation_number","","Shanti Boilers & Pressure Vessels P Ltd","no quotation number","","2024-03-01","1"
"excluded_no_quotation_number","","Singhania Foods International","no quotation number","","2024-02-29","1"
"excluded_no_quotation_number","","Singhania Foods International","no quotation number","","2024-02-29","1"
"excluded_no_quotation_number","","VINNAKOTA VENKATESWARLU","no quotation number","","2024-02-29","1"
"excluded_no_quotation_number","","Shanti Boilers & Pressure Vessels P Ltd","no quotation number","","2024-02-29","1"
"excluded_no_quotation_number","","Shanti Boilers & Pressure Vessels P Ltd","no quotation number","","2024-02-29","1"
"excluded_no_quotation_number","","Singhania Foods International","no quotation number","","2024-02-29","1"
"excluded_no_quotation_number","","Swastik Marketing","no quotation number","","2024-02-29","1"
"excluded_test_junk_customer_name","","test 2023","test/junk customer name","","2024-02-28","1"
"excluded_no_quotation_number","","Neutral Crop Pvt Lmt","no quotation number","","2024-02-22","1"
"excluded_same_quotation_number_used_by_a_different_customer","SB/QTN/14643/23-24","NEOTECH ENERGY SYSTEMS PVT LTD","same quotation number used by a different customer","","2024-01-27","1"
"excluded_same_quotation_number_used_by_a_different_customer","SB/QTN/14643/23-24","Maha Sai Laboratories","same quotation number used by a different customer","","2024-01-27","1"
"excluded_test_junk_customer_name","","test 2023","test/junk customer name","","2024-01-22","1"
"excluded_test_junk_customer_name","","test for check","test/junk customer name","","2024-01-22","1"
"excluded_same_quotation_number_used_by_a_different_customer","SB/QTN/14538/23-24","SS Engineers India","same quotation number used by a different customer","","2023-12-11","1"
"excluded_same_quotation_number_used_by_a_different_customer","SB/QTN/14538/23-24","YAMA RIBBON","same quotation number used by a different customer","","2023-12-10","1"
"excluded_no_quotation_number","","HKM Charitable Trust","no quotation number","","2023-11-28","1"
"excluded_no_quotation_number","","Nagarjuna Cerachem (P) Ltd","no quotation number","","2023-11-23","1"
"excluded_no_quotation_number","","AR Feeds","no quotation number","","2023-11-15","1"
"excluded_no_quotation_number","","NEOTECH ENERGY SYSTEMS PVT LTD","no quotation number","","2023-11-01","1"
"excluded_no_quotation_number","","Sangam Dairy","no quotation number","","2023-10-19","1"
"excluded_no_quotation_number","","Eggway International Asia Private Limited","no quotation number","","2023-10-06","1"
"excluded_no_quotation_number","","Viajaya Food & Nutraceuticals Pvt Ltd","no quotation number","","2023-09-30","1"
"excluded_no_quotation_number","","Viajaya Food & Nutraceuticals Pvt Ltd","no quotation number","","2023-09-30","1"
"excluded_no_quotation_number","","Viajaya Food & Nutraceuticals Pvt Ltd","no quotation number","","2023-09-30","1"
"excluded_no_quotation_number","","IAP FARM SERVICE PRIVATE LIMITED","no quotation number","","2023-09-27","1"
"excluded_no_quotation_number","","Om Enterprises","no quotation number","","2023-09-26","1"
"excluded_no_quotation_number","","DERIVATE LABS PVT LTD","no quotation number","","2023-09-23","1"
"excluded_no_quotation_number","","Raks Pharama Pvt ltd","no quotation number","","2023-09-09","1"
"excluded_no_quotation_number","","DHANSHREE PACKAING","no quotation number","","2023-09-08","1"
"excluded_no_quotation_number","","SS Engineers India","no quotation number","","2023-09-04","1"
"excluded_same_quotation_number_used_by_a_different_customer","SB/QTN/14322/23-24","Arvais Natures Products Pvt. Ltd","same quotation number used by a different customer","","2023-08-31","1"
"excluded_same_quotation_number_used_by_a_different_customer","SB/QTN/14322/23-24","New Sri Krishna Dairy","same quotation number used by a different customer","","2023-08-30","1"
"excluded_no_quotation_number","","Accrete Pharmaceuticals Pvt Ltd","no quotation number","","2023-08-09","1"
"excluded_no_quotation_number","","Yama Ribbon","no quotation number","","2023-08-05","1"
"excluded_same_quotation_number_used_by_a_different_customer","SB/QTN/14277A /23-24","Yama Ribbon","same quotation number used by a different customer","","2023-08-05","1"
"excluded_no_quotation_number","","Yama Ribbon","no quotation number","","2023-08-05","1"
"excluded_no_quotation_number","","Yama Ribbon","no quotation number","","2023-08-05","1"
"excluded_same_quotation_number_used_by_a_different_customer","SB/QTN/14277A /23-24","Yama Ribbon","same quotation number used by a different customer","","2023-08-05","1"
"excluded_same_quotation_number_used_by_a_different_customer","SB/QTN/14277A /23-24","Yama Ribbon","same quotation number used by a different customer","","2023-08-05","1"
"excluded_no_quotation_number","","Dairy World","no quotation number","","2023-08-03","1"
"excluded_test_junk_customer_name","","test for check","test/junk customer name","","2023-07-28","1"
"excluded_no_quotation_number","","Klotagos KLOTOE","no quotation number","","2023-07-28","1"
"excluded_no_quotation_number","","Sri Vishnu Seeds","no quotation number","","2023-06-03","1"
"excluded_test_junk_customer_name","","test for check","test/junk customer name","","2023-06-02","1"
"excluded_no_quotation_number","","National Plywood & Veneer","no quotation number","","2023-05-03","1"
"excluded_same_quotation_number_used_by_a_different_customer","SB/QTN/13632/22-23","KASHI ANMATES","same quotation number used by a different customer","","2023-04-22","1"
"excluded_no_quotation_number","","FERMAC BIO PRIVATE LTD","no quotation number","","2023-04-18","1"
"excluded_no_quotation_number","","Abhilash Enterprises","no quotation number","","2023-04-07","1"
"excluded_no_quotation_number","","Sree Sai Maatha Enterprises","no quotation number","","2023-03-26","1"
"excluded_same_quotation_number_used_by_a_different_customer","SB/QTN/13604-C-F","Ganpati Coroplast Private Limited","same quotation number used by a different customer","","2023-03-06","1"
"excluded_test_junk_customer_name","xxxx","test for check","test/junk customer name","","2023-03-06","1"
"excluded_test_junk_customer_name","1","test for check","test/junk customer name","","2023-03-04","1"
"excluded_no_quotation_number","","sri alluri seetharamamraju educational society","no quotation number","","2023-03-04","1"
"excluded_test_junk_customer_name","","test for check","test/junk customer name","","2023-03-04","1"
"excluded_test_junk_customer_name","","test for check","test/junk customer name","","2023-03-01","1"
"excluded_no_quotation_number","","AEI EXTRACTION INDUSTRIES PVT LTD","no quotation number","","2023-02-18","1"
"excluded_no_quotation_number","","Suryanarayana Food Products","no quotation number","","2023-02-14","1"
"excluded_test_junk_customer_name","","Test","test/junk customer name","","2023-01-17","1"
"excluded_test_junk_customer_name","","Test","test/junk customer name","","2023-01-17","1"
"excluded_no_quotation_number","","SCIEGEN PHARMACEUTICALS INDIA PVT LTD","no quotation number","","2023-01-10","1"
"excluded_no_quotation_number","","Sushanth Polytron Industries Llp","no quotation number","","2023-01-10","1"
"excluded_no_quotation_number","","Vasudha Pharma Ltd","no quotation number","","2023-01-07","1"
"excluded_no_quotation_number","","M/s Pajson Agro India Pvt Ltd","no quotation number","","2023-01-07","1"
"excluded_no_quotation_number","","NEOTECH BOILERS PRIVATE LIMITED","no quotation number","","2022-12-29","1"
"excluded_no_quotation_number","","Anira Pharmaceuticals Pvt. Ltd","no quotation number","","2022-12-28","1"
"excluded_no_quotation_number","","SS Engineering","no quotation number","","2022-12-21","1"
"excluded_same_quotation_number_used_by_a_different_customer","SB/QTN/13728/22-23","Sri Bulirana Rice Mill","same quotation number used by a different customer","","2022-12-21","1"
"excluded_no_quotation_number","","Srihaas Life Sciences P Ltd,","no quotation number","","2022-12-19","1"
"excluded_same_quotation_number_used_by_a_different_customer","SB/QTN/13728/22-23","Modern Technology","same quotation number used by a different customer","","2022-12-14","1"
"excluded_no_quotation_number","","Modern Technology","no quotation number","","2022-12-14","1"
"excluded_no_quotation_number","","DEEPAK NITRITE LIMITED","no quotation number","","2022-12-13","1"
"excluded_no_quotation_number","","DEEPAK NITRITE LIMITED","no quotation number","","2022-12-12","1"
"excluded_no_quotation_number","","M/s Satya Sai Agency","no quotation number","","2022-12-07","1"
"excluded_same_quotation_number_used_by_a_different_customer","SB/QTN/13648/22-23","Aceking Technologies","same quotation number used by a different customer","","2022-11-10","1"
"excluded_same_quotation_number_used_by_a_different_customer","SB/QTN/13648/22-23","Dhob Laundry Yard","same quotation number used by a different customer","","2022-11-09","1"
"excluded_same_quotation_number_used_by_a_different_customer","SB/QTN/13632/22-23","BARAMATI AGRO","same quotation number used by a different customer","","2022-11-02","1"
"excluded_same_quotation_number_used_by_a_different_customer","SB/QTN/13632/22-23","BARAMATI AGRO","same quotation number used by a different customer","","2022-11-02","1"
"excluded_same_quotation_number_used_by_a_different_customer","SB/QTN/13632/22-23","BARAMATI AGRO","same quotation number used by a different customer","","2022-11-02","1"
"excluded_no_quotation_number","","BARAMATI AGRO","no quotation number","","2022-11-02","1"
"excluded_same_quotation_number_used_by_a_different_customer","SB/QTN/13632/22-23","BARAMATI AGRO","same quotation number used by a different customer","","2022-11-02","1"
"excluded_same_quotation_number_used_by_a_different_customer","SB/QTN/13632/22-23","BARAMATI AGRO","same quotation number used by a different customer","","2022-11-02","1"
"excluded_same_quotation_number_used_by_a_different_customer","SB/QTN/13632/22-23","BARAMATI AGRO","same quotation number used by a different customer","","2022-11-02","1"
"excluded_same_quotation_number_used_by_a_different_customer","SB/QTN/13604-C-F","PHA INDUSTRIES P. LTD","same quotation number used by a different customer","","2022-10-07","1"
"excluded_no_quotation_number","","Rudra Labs","no quotation number","","2022-09-16","1"
"excluded_no_quotation_number","","Rudra Labs","no quotation number","","2022-09-16","1"
"excluded_no_quotation_number","","Divya Dhan Consultant Private Limited","no quotation number","","2022-09-14","1"
"excluded_no_quotation_number","","Shree Bhagat Industries","no quotation number","","2022-09-12","1"
"excluded_no_quotation_number","","Hermes Pharma","no quotation number","","2022-09-12","1"
"excluded_no_quotation_number","","M/S Nitesh Intreprises","no quotation number","","2023-02-27","1"
