kind,record,reason
"enquiry-customer","LD-1001 FLOWLINE ENGINEERING SERVICES","shared by several customers"
"enquiry-customer","LD-1028 FLOWLINE ENGINEERING SERVICES","shared by several customers"
"enquiry-customer","LD-1164 AKSHATA TRADE LINKS","shared by several customers"
"enquiry-customer","LD-1316 KAMMAC PROJECTS","shared by several customers"
"enquiry-customer","LD-1527 KAMMAC PROJECTS","shared by several customers"
"enquiry-customer","LD-1601 Kammac Projects","shared by several customers"
"enquiry-customer","LD-1656 Kammac Projects","shared by several customers"
"enquiry-customer","LD-2045 Shanti Boilers & Pressure Vessels P Ltd","shared by several customers"
"enquiry-customer","LD-2101 Jindal Naturecure Institute","shared by several customers"
"enquiry-customer","LD-3868 Limra","shared by several customers"
"enquiry-customer","LD-4691 VK DAIRY","shared by several customers"
"enquiry-customer","LD-5033 M/s Vilasitha Chicken Processing Plant","shared by several customers"
"enquiry-customer","LD-5120 Aerotech","shared by several customers"
"enquiry-customer","LD-5471 AAAA","shared by several customers"
"enquiry-customer","LD-5472 xxxx","shared by several customers"
"quotation-enquiry","SB/QTN/15705-F/24-25-R2","2 enquiries fit"
"quotation-enquiry","SB/QTN/16314-NRP/26-27","3 enquiries fit"
"quotation-enquiry","STF/QTN/2046/2024-25-R1","2 enquiries fit"
"quotation-enquiry","SB/QTN/16316 F/2026-27","2 enquiries fit"
"quotation-enquiry","SB/QTN/16315 B/2026-27","2 enquiries fit"
"quotation-enquiry","SB/QTN/16315 AF/2026-27","2 enquiries fit"
"quotation-enquiry","SB/QTN/16283-R1-F /2026-27","5 enquiries fit"
"quotation-enquiry","STF/QTN/2381-R8/2026-27-R4F","2 enquiries fit"
"quotation-enquiry","SB/QTN/16305 R1F/2026-27 R1","2 enquiries fit"
"quotation-enquiry","STF/QTN/2449/2026-27-R1","2 enquiries fit"
"quotation-enquiry","SB/QTN/2454/2026-27","2 enquiries fit"
"quotation-enquiry","SB/QTN/16303/2026-27","3 enquiries fit"
"quotation-enquiry","STF/QTN/2299/2026-27-R1 F","2 enquiries fit"
"quotation-enquiry","STF/QTN/2445 BK/2026-27-F","3 enquiries fit"
"quotation-enquiry","SB/QTN/16256-C-R2-NRP-F/26-27","2 enquiries fit"
"quotation-enquiry","SB/QTN/16256 B-R3-NRP-F/2026-27","2 enquiries fit"
"quotation-enquiry","SB/QTN/16277/2026-27","4 enquiries fit"
"quotation-enquiry","SB/QTN/16192-B-NRP-F /2026-27","2 enquiries fit"
"quotation-enquiry","STF/QTN/2436/2026-27","2 enquiries fit"
"quotation-enquiry","STF/QTN/2437-F/26-27","2 enquiries fit"
"quotation-enquiry","STF/QTN/2431 B/2026-27","3 enquiries fit"
"quotation-enquiry","STF/QTN/2432/2026-27","2 enquiries fit"
"quotation-enquiry","STF/QTN/2432/2026-27-R1","2 enquiries fit"
"quotation-enquiry","SB/QTN/16192 C/2026-27","2 enquiries fit"
"quotation-enquiry","STF/QTN/2430/2026-27","3 enquiries fit"
"quotation-enquiry","STF/QTN/2429/2026-27","2 enquiries fit"
"quotation-enquiry","SB/QTN/16270/2026-27","3 enquiries fit"
"quotation-enquiry","SB/QTN/16264/2026-27","4 enquiries fit"
"quotation-enquiry","SB/QTN/16262/2026-27","3 enquiries fit"
"quotation-enquiry","SB/QTN/16257/2026-27","2 enquiries fit"
"quotation-enquiry","SB/QTN/16256 B/2026-27","2 enquiries fit"
"quotation-enquiry","SB/QTN/16259 F/2026-27-F","2 enquiries fit"
"quotation-enquiry","STF/QTN/2425/2026-27","3 enquiries fit"
"quotation-enquiry","SB/QTN/16254/2026-27-R1","3 enquiries fit"
"quotation-enquiry","SB/QTN/16229-R3-F/26-26","2 enquiries fit"
"quotation-enquiry","SB/QTN/16248/2026-27","2 enquiries fit"
"quotation-enquiry","SB/QTN/16249/2026-27","2 enquiries fit"
"quotation-enquiry","SB/QTN/16247/2026-27","2 enquiries fit"
"quotation-enquiry","SB/QTN/16241/2026-27-F","2 enquiries fit"
"quotation-enquiry","SB/QTN/16243/2026-27","3 enquiries fit"
"quotation-enquiry","SB/QTN/16242/2026-27","2 enquiries fit"
"quotation-enquiry","SB/QTN/16208-F/25-26","2 enquiries fit"
"quotation-enquiry","SB/QTN/16240/R2/2026","2 enquiries fit"
"quotation-enquiry","SB/QTN/16207-R1-NRP-2LOT /26-27","2 enquiries fit"
"quotation-enquiry","STF/QTN/2415/2026-27","2 enquiries fit"
"quotation-enquiry","STF/QTN/2414/2026-27","2 enquiries fit"
"quotation-enquiry","QTF/QTN/2401-R1-F/26-27","2 enquiries fit"
"quotation-enquiry","STF/QTN/2411/2026-27-F","2 enquiries fit"
"quotation-enquiry","STF/QTN/2410 B/2026-27-F","2 enquiries fit"
"quotation-enquiry","STF/QTN/2410/2026-27-F","2 enquiries fit"
"quotation-enquiry","STF/QTN/2411 B/2026-27-F","2 enquiries fit"
"quotation-enquiry","SB/QTN/16233/2026-27","3 enquiries fit"
"quotation-enquiry","SB/QTN/16229 B/2026-27","2 enquiries fit"
"quotation-enquiry","SB/QTN/16229/2026-27","2 enquiries fit"
"quotation-enquiry","STF/QTN/2405 B/2026-27","2 enquiries fit"
"quotation-enquiry","SB/QTN/16225/2026-27","2 enquiries fit"
"quotation-enquiry","STF/QTN/2401 B/2026-27","2 enquiries fit"
"quotation-enquiry","SB/QTN/16172/2026-27-R2-F","2 enquiries fit"
"quotation-enquiry","SB/QTN/15918-C-R3-F/2026-27","3 enquiries fit"
"quotation-enquiry","STF/QUO/2401-F/26-27","2 enquiries fit"
"quotation-enquiry","SB/QTN/16213/2026-27-F","4 enquiries fit"
"quotation-enquiry","-STF/QTN/2396-R2-NRP-ACT/26-27","2 enquiries fit"
"quotation-enquiry","SB/QTN/16209/2026-27","2 enquiries fit"
"quotation-enquiry","SB/QTN/16210/2026-27","2 enquiries fit"
"quotation-enquiry","SB/QTN/16209 A/2026-27","2 enquiries fit"
"quotation-enquiry","SB/QTN/16203-F/26-27","2 enquiries fit"
"quotation-enquiry","STF/QTN/2388 B/2025-26","2 enquiries fit"
"quotation-enquiry","STF/QTN/2387 A/2026-27","3 enquiries fit"
"quotation-enquiry","STF/QTN/2388A/2025-26","2 enquiries fit"
"quotation-enquiry","STF/QTN/2387 B/2026-27","3 enquiries fit"
"quotation-enquiry","STF/QTN/2386/2026-27-F","2 enquiries fit"
"quotation-enquiry","SB/QTN/16180/2026-27","2 enquiries fit"
"quotation-enquiry","STF/QTN/2384/2026-27","2 enquiries fit"
"quotation-enquiry","SB/QTN/16176/2026-27","3 enquiries fit"
"quotation-enquiry","SB/QTN/16102/2026-27-R1","3 enquiries fit"
"quotation-enquiry","SB/QTN/16175/2026-27","2 enquiries fit"
"quotation-enquiry","SB/QTN/16172 B/2026-27","2 enquiries fit"
"quotation-enquiry","STF/QTN/2378 A/2026-27","3 enquiries fit"
"quotation-enquiry","STF/QTN/2378 B/2026-24","3 enquiries fit"
"quotation-enquiry","SB/16155/26","2 enquiries fit"
"quotation-enquiry","SB/QTN/16141/2026-27","2 enquiries fit"
"quotation-enquiry","SB/QTN/16139/2026-27-R1","2 enquiries fit"
"quotation-enquiry","SB/QTN/16114/2026-27","2 enquiries fit"
"quotation-enquiry","STF/QTN/2303-R3-F/25-26","2 enquiries fit"
"quotation-enquiry","STF/QTN/2358 B/2026-27","2 enquiries fit"
"quotation-enquiry","SB/QTN/16099/2026-27","2 enquiries fit"
"quotation-enquiry","SB/QTN/16088/2025-26","2 enquiries fit"
"quotation-enquiry","SB/QTN/16081-F/25-26","2 enquiries fit"
"quotation-enquiry","STF/QTN/16046/2025-26","2 enquiries fit"
"quotation-enquiry","SB/QTN/16042/2025-26-F","2 enquiries fit"
"quotation-enquiry","SB/QTN/160039/2025-26","2 enquiries fit"
"quotation-enquiry","STF/QTN/2308-F-F/25-26","3 enquiries fit"
"quotation-enquiry","SB/QTN/16022-R1-F/2025-26","4 enquiries fit"
"quotation-enquiry","SB/QTN/16023 F/2025-26","4 enquiries fit"
"quotation-enquiry","STF/QTN/2282 B-R1-NRP /2025-26-R1","3 enquiries fit"
"quotation-enquiry","STF/QTN/2308 A/2025-26","3 enquiries fit"
"quotation-enquiry","STF/QTN/2307-B-F/25-26","3 enquiries fit"
"quotation-enquiry","STF/QTN/2308 BF/2025-26","3 enquiries fit"
"quotation-enquiry","STF/QTN/2307-D-F /25-26","3 enquiries fit"
"quotation-enquiry","SB/QTN/16006 A/2025-26","3 enquiries fit"
"quotation-enquiry","SB/QTN/16005 A/2025-26","3 enquiries fit"
"quotation-enquiry","SB/QTN/16006 B/2025-26","3 enquiries fit"
"quotation-enquiry","SB/QTN/15979-R2-F NRP/2025-26","2 enquiries fit"
"quotation-enquiry","SB/QTN/16000/-R12025-26","4 enquiries fit"
"quotation-enquiry","SB/QTN/2297/2025-26","2 enquiries fit"
"quotation-enquiry","SB/QTN/15981/2025-26-F","4 enquiries fit"
"quotation-enquiry","SB/QTN/15972/2025-26-F","3 enquiries fit"
"quotation-enquiry","SB/QTN/15964 A/2025-26","2 enquiries fit"
"quotation-enquiry","SB/QTN/15964 B/2025-26","2 enquiries fit"
"quotation-enquiry","STF/QTN/2282/2025-26","2 enquiries fit"
"quotation-enquiry","SB/QTN/15955/2025-26","2 enquiries fit"
"quotation-enquiry","SB/QTN/15951-R1-F/25-26","2 enquiries fit"
"quotation-enquiry","SB/QTN/15918 C/2025-26","2 enquiries fit"
"quotation-enquiry","SB/QTN/15918 B/2025-26","2 enquiries fit"
"quotation-enquiry","STF/QTN/1028/-BK/24-25","3 enquiries fit"
"quotation-enquiry","SB/QTN/15924/2025-26","3 enquiries fit"
"quotation-enquiry","SB/QTN/15915/2025-26","2 enquiries fit"
"quotation-enquiry","SB/QTN/15912/2025-26","5 enquiries fit"
"quotation-enquiry","SB/QTN/15908-F/25-26","2 enquiries fit"
"quotation-enquiry","SB/QTN/15909/2025-26","2 enquiries fit"
"quotation-enquiry","SB/QTN/15907/2025-26-F","3 enquiries fit"
"quotation-enquiry","SB/QTN/15879 B-R2-NRP /2025-26-NRP","2 enquiries fit"
"quotation-enquiry","B/QTN/15881/2025-26","3 enquiries fit"
"quotation-enquiry","STF/QTN/2244/2025-26-F","2 enquiries fit"
"quotation-enquiry","SB/QTN/15863/2025-26","3 enquiries fit"
"quotation-enquiry","SB/QTN/15858/2025-26","2 enquiries fit"
"quotation-enquiry","STF/QTN/2231/2025-26","2 enquiries fit"
"quotation-enquiry","SB/QTN/15848/2025-26","2 enquiries fit"
"quotation-enquiry","STF/QTN/2224 B/2025-26","4 enquiries fit"
"quotation-enquiry","STF/QTN/2224 A/2025-26","4 enquiries fit"
"quotation-enquiry","STF/QTN/2116/2025-26-NRP","3 enquiries fit"
"quotation-enquiry","SB/QTN/15833 B/2025-26","5 enquiries fit"
"quotation-enquiry","SB/QTN/15833 C/2025-26","5 enquiries fit"
"quotation-enquiry","SB/QTN/15833 A/2025-26","5 enquiries fit"
"quotation-enquiry","SB/QTN/15824-B-R2-F/2025-26","2 enquiries fit"
"quotation-enquiry","SB/QTN/15824/2025-26","2 enquiries fit"
"quotation-enquiry","STF/QTN/2210/2025-26","3 enquiries fit"
"quotation-enquiry","STF/QTN/2208/2025-26-F","2 enquiries fit"
"quotation-enquiry","SB/QTN/15819/2025-26-F","2 enquiries fit"
"quotation-enquiry","SB/QTN/15809 B/2025-26","5 enquiries fit"
"quotation-enquiry","SB/QTN/15809 A/2025-26","5 enquiries fit"
"quotation-enquiry","SB/QTN/15798/2025-26","3 enquiries fit"
"quotation-enquiry","SB/QTN/15797-R1-F/25-26","4 enquiries fit"
"quotation-enquiry","SB/QTN/15795/2025-26-F","2 enquiries fit"
"quotation-enquiry","STF/QTN/2166-B/2025-26","2 enquiries fit"
"quotation-enquiry","STF/QTN/2166-A/2025-26","2 enquiries fit"
"quotation-enquiry","SB/QTN/15764/2025-26","2 enquiries fit"
"quotation-enquiry","SB/QTN/15758/2025-26-R2","2 enquiries fit"
"quotation-enquiry","SB/QTN/15748 B/2025-26","2 enquiries fit"
"quotation-enquiry","SB/QTN/15762/2025-26","2 enquiries fit"
"quotation-enquiry","STF/QTN/2122 AF/2025-26-R1","2 enquiries fit"
"quotation-enquiry","SB/QTN/15744/2025-26","2 enquiries fit"
"quotation-enquiry","SB/QTN/15737-R1-F/2025-26","3 enquiries fit"
"quotation-enquiry","STF/QTN/2041-D-F/2025-26","2 enquiries fit"
"quotation-enquiry","STF/QTN/2117/2025-26","3 enquiries fit"
"quotation-enquiry","SB/QTN/15709 F/2025-26","2 enquiries fit"
"quotation-enquiry","STF/QTN/2088-B-F/2024-25","2 enquiries fit"
"quotation-enquiry","SB/QTN/15700 F/2024-25","2 enquiries fit"
"quotation-enquiry","15675 FINAL R2","2 enquiries fit"
"quotation-enquiry","15675 FINAL R1","2 enquiries fit"
"quotation-enquiry","15675","2 enquiries fit"
"quotation-enquiry","STF/QTN/2071 F/2024-25","2 enquiries fit"
"quotation-enquiry","SB/QTN/15131 AF/204-25","2 enquiries fit"
"quotation-enquiry","STF/QTN/2059-R2-F/2024-25-R1","2 enquiries fit"
"quotation-enquiry","SB/QTN/15113 DF/2024-25","5 enquiries fit"
"quotation-enquiry","STF/QTN/2046-BF/2024-25-R2","3 enquiries fit"
"quotation-enquiry","SB/QTN/15113 CF/2024-25","5 enquiries fit"
"quotation-enquiry","SB/QTN/15113-BF/2024-25","5 enquiries fit"
"quotation-enquiry","SB/QTN/15113 AF/2024-25-R1","5 enquiries fit"
"quotation-enquiry","SB/QTN/15113-AF/2024-25","5 enquiries fit"
"quotation-enquiry","STF/QTN/2050-F/2024-25","2 enquiries fit"
"quotation-enquiry","SB/QTN/15096/2024-25","2 enquiries fit"
"quotation-enquiry","STF/QTN/2049 B F /2024-25","2 enquiries fit"
"quotation-enquiry","SB/QTN/15090/24-25","4 enquiries fit"
"quotation-enquiry","SB/QTN/15091 F/ 2024-25","3 enquiries fit"
"quotation-enquiry","STF/QTN/2041 BF/2024-25-R1","2 enquiries fit"
"quotation-enquiry","STF/QTN/2041 BF/2024-25","2 enquiries fit"
"quotation-enquiry","STF/QTN/2041 AF/2024-25","2 enquiries fit"
"quotation-enquiry","SB/QTN/14231B-R3/23-24","2 enquiries fit"
"quotation-enquiry","SB/QTN/15081B F/2024-25","2 enquiries fit"
"quotation-enquiry","SB/QTN/15081A F/2024-25","2 enquiries fit"
"quotation-enquiry","SB/QTN/15062/2024-25","3 enquiries fit"
"quotation-enquiry","STF/QTN/2035 F/2024-25","2 enquiries fit"
"quotation-enquiry","SB/QTN/15059/2024-25","2 enquiries fit"
"quotation-enquiry","SB/QTN/150449/2024-25","2 enquiries fit"
"quotation-enquiry","SB/QTN/15044/2024-25","2 enquiries fit"
"quotation-enquiry","SB/QTN/15042/2024-25","4 enquiries fit"
"quotation-enquiry","15017B","2 enquiries fit"
"quotation-enquiry","STF/QTN/2001-F/24-25","2 enquiries fit"
"quotation-enquiry","STF/QTN/1069-F/2024-25","2 enquiries fit"
"quotation-enquiry","STF/QTN/1065-B-F/2024-25","2 enquiries fit"
"quotation-enquiry","SB/QTN/14830 C-F/2024-25","2 enquiries fit"
"quotation-enquiry","SB/QTN/14960/24-25","3 enquiries fit"
"quotation-enquiry","SB/QTN/14960-F/24-25","3 enquiries fit"
"quotation-enquiry","SB/QTN/14786 /24-25","2 enquiries fit"
"quotation-enquiry","SB/QTN/14749/23-24","2 enquiries fit"
"quotation-enquiry","SB/QTN/14693/23-24","2 enquiries fit"
"quotation-enquiry","SB/QTN/14693/23-24-R1","2 enquiries fit"
"quotation-enquiry","SB/QTN/14551-B/23-24","2 enquiries fit"
"quotation-enquiry","SB/QTN/14477/23-24","2 enquiries fit"
"quotation-enquiry","SB/QTN/14030-R4-F/23-24","2 enquiries fit"
"quotation-enquiry","SB/QTN/14030 R2-F/23-24","2 enquiries fit"
"quotation-enquiry","SB/QTN/14308/23-24","2 enquiries fit"
"quotation-enquiry","SB/QTN/13889-R1-F/22-23","2 enquiries fit"
"quotation-enquiry","SB/QTN/14167/23-24","2 enquiries fit"
"quotation-enquiry","SB/QTN/14104/23-24","2 enquiries fit"
"quotation-enquiry","SB/QTN/14053/22-23","2 enquiries fit"
"quotation-enquiry","SB/QTN/14053/23-24","2 enquiries fit"
"quotation-enquiry","14039","2 enquiries fit"
"quotation-enquiry","SB/QTN/14030/22-23","2 enquiries fit"
"quotation-enquiry","SB/QTN/14030/22-23-R1","2 enquiries fit"
"quotation-enquiry","SB/QTN/13965/22-23","2 enquiries fit"
"quotation-enquiry","SB/QTN/13889-C-R1-F/22-23","2 enquiries fit"
"quotation-enquiry","SB/QTN/13924/22-23","2 enquiries fit"
"quotation-enquiry","SB/QTN/13837/22-23","2 enquiries fit"
"quotation-enquiry","SB/QTN/13837 B/22-23","2 enquiries fit"
"quotation-enquiry","13668R2","2 enquiries fit"
"quotation-enquiry","13668R1","2 enquiries fit"
"quotation-enquiry","SB/QTN/13702/22-23","2 enquiries fit"
"quotation-enquiry","SB/QTN/13697/22-23","2 enquiries fit"
"quotation-enquiry","SB/QTN/13693/22-23","2 enquiries fit"
"quotation-enquiry","SB/QTN/13689/22-23","2 enquiries fit"
"quotation-enquiry","SB/QTN/13668A/22-23","2 enquiries fit"
"quotation-enquiry","13668","2 enquiries fit"
"quotation-enquiry","13668-R1","2 enquiries fit"
"quotation-enquiry","13148ER1","2 enquiries fit"
"order-enquiry","order 417","several orders fit the same enquiry"
"order-enquiry","order 421","several orders fit the same enquiry"
"order-enquiry","order 422","several orders fit the same enquiry"
"order-enquiry","order 458","several orders fit the same enquiry"
"order-enquiry","order 469","several orders fit the same enquiry"
"order-enquiry","order 493","several orders fit the same enquiry"
"order-enquiry","order 494","several orders fit the same enquiry"
"order-enquiry","order 790","several orders fit the same enquiry"
"order-enquiry","order 884","several orders fit the same enquiry"
"order-enquiry","order 1038","several orders fit the same enquiry"
"order-enquiry","order 1041","several orders fit the same enquiry"
"order-enquiry","order 1173","several orders fit the same enquiry"
