serial,customer,reason
"128","Krijan Biotech Private Limited","2 enquiries with this name and date — can't tell which"
"129","Krijan Biotech Private Limited","2 enquiries with this name and date — can't tell which"
"524","SS Engineers India","2 enquiries with this name and date — can't tell which"
"548","SS Engineers India","2 enquiries with this name and date — can't tell which"
"597","Fortune Engineering Works","2 enquiries with this name and date — can't tell which"
"1133","SIGNOVA CROP SCIENCES PVT LTD","3 enquiries with this name and date — can't tell which"
"1134","SIGNOVA CROP SCIENCES PVT LTD","3 enquiries with this name and date — can't tell which"
"1135","SIGNOVA CROP SCIENCES PVT LTD","3 enquiries with this name and date — can't tell which"
"1208","Creamline Dairy Products Ltd","2 enquiries with this name and date — can't tell which"
"1209","Creamline Dairy Products Ltd","2 enquiries with this name and date — can't tell which"
"1269","DWARAKAMAAYE ENGINEERING ASSOCIATES","2 enquiries with this name and date — can't tell which"
"1271","DWARAKAMAAYE ENGINEERING ASSOCIATES","2 enquiries with this name and date — can't tell which"
"1273","Bagalkot Cement & Industries Limited","2 enquiries with this name and date — can't tell which"
"1274","Bagalkot Cement & Industries Limited","2 enquiries with this name and date — can't tell which"
"1349","Fortune Engineering Works","2 enquiries with this name and date — can't tell which"
"1419","SMS PHARMACEUTICALS LTD","2 enquiries with this name and date — can't tell which"
"1420","SMS PHARMACEUTICALS LTD","2 enquiries with this name and date — can't tell which"
"1545","CEYONE LIFE SCIENCES PVT LTD","2 enquiries with this name and date — can't tell which"
"1546","CEYONE LIFE SCIENCES PVT LTD","2 enquiries with this name and date — can't tell which"
"1602","SS Engineers India","3 enquiries with this name and date — can't tell which"
"1603","SS Engineers India","3 enquiries with this name and date — can't tell which"
"1604","SS Engineers India","3 enquiries with this name and date — can't tell which"
"1637","Hincha","2 enquiries with this name and date — can't tell which"
"1638","Hincha","2 enquiries with this name and date — can't tell which"
"1699","Nosch Labs","3 enquiries with this name and date — can't tell which"
"1733","Karimnagar Dairy","2 enquiries with this name and date — can't tell which"
"1739","Karimnagar Dairy","2 enquiries with this name and date — can't tell which"
"1786","Neotech Boilers","2 enquiries with this name and date — can't tell which"
"1787","Neotech Boilers","2 enquiries with this name and date — can't tell which"
"1804","Nosch Labs","3 enquiries with this name and date — can't tell which"
"2790","Asmita Industries","2 enquiries with this name and date — can't tell which"
"2791","Asmita Industries","2 enquiries with this name and date — can't tell which"
"3472","M S Biotech Pvt Ltd.","2 enquiries with this name and date — can't tell which"
"3516","Manikanta","2 enquiries with this name and date — can't tell which"
"3682","Rakesh","2 enquiries with this name and date — can't tell which"
"331","MAA GANDHESWARI RICE MILL PVT. LTD.","only 20 columns (row is cut off)"
"754","S S Technologies","extra email(s) not stored: src.kiran@gmail.com"
"997","S S Technologies","extra email(s) not stored: src.kiran@gmail.com"
"3684","Vinayaka engineers and manpower supply","extra email(s) not stored: bhadra.villa@gmail.com"
